date,Open,High,Low,Close,Volume,symbol,Bollinger_Middle,Bollinger_Upper,Bollinger_Lower,Bollinger_%B,Bollinger_Width,RSI_14,MACD,MACD_Signal,MACD_Diff,Return,Return_next,Close_next
2025-02-24,244.0953010258401,248.01191597096326,243.58704451830639,246.25791931152344,51326400,AAPL,236.37796478271486,249.40048463442318,223.35544493100653,0.8793411198951833,26.04503970341665,64.56784077046906,2.878090627995789,1.1423867313902987,1.7357038966054903,0.006312383382871323,-0.0002428315584860341,246.1981201171875
2025-02-25,247.15485528022737,249.14803959700342,244.0753891604379,246.1981201171875,48013300,AAPL,237.24661712646486,250.4544046680998,224.0388295848299,0.8388721601746238,26.415575083269914,64.43997007804103,3.1257319450710384,1.5390557741264468,1.5866761709445916,-0.0002428315584860341,-0.02704011939380868,239.5408935546875
2025-02-26,243.49736566903925,244.14514449402503,238.3150894487839,239.5408935546875,44433600,AAPL,237.36429901123046,250.60976207428618,224.11883594817473,0.5821637768757215,26.490926126111447,52.0756062464537,2.7530712347160886,1.781858866244375,0.9712123684717135,-0.02704011939380868,-0.01273091938670523,236.49131774902344
2025-02-27,238.5941277716784,241.6337368385667,236.25213016109495,236.49131774902344,41153600,AAPL,237.27474975585938,250.51839308098295,224.0311064307358,0.47042233818885226,26.487286650247142,47.57258518871342,2.1864555570948028,1.8627782044144607,0.32367735268034203,-0.01273091938670523,0.019131868844441513,241.01583862304688
2025-02-28,236.14250368420718,241.26498665715278,229.41550676334808,241.01583862304688,56833400,AAPL,237.49952850341796,250.83659286983413,224.1624641370018,0.6318247413007645,26.674128732832344,53.93675834241712,2.078539462788342,1.9059304560892372,0.17260900669910484,0.019131868844441513,-0.015754202507164528,237.2188262939453
2025-03-03,240.96600727263495,243.1983791446907,235.30537120652147,237.2188262939453,47184000,AAPL,237.6135986328125,250.89998717461702,224.327210091008,0.4851437304567347,26.572777083609026,48.604467515742265,1.667407186434275,1.858225802158245,-0.19081861572396996,-0.015754202507164528,-0.008822443665799096,235.1259765625
2025-03-04,236.89992456399492,239.25188262538288,233.88023638606123,235.1259765625,53798100,AAPL,238.02072677612304,250.4506339977999,225.59081955444617,0.3835570466457383,24.85981444335374,45.91032786408088,1.1593422370793576,1.7184490891424677,-0.5591068520631102,-0.008822443665799096,-0.000805297297409524,234.93663024902344
2025-03-05,234.61771347352882,235.7438674276595,228.44880585950324,234.93663024902344,47227600,AAPL,238.17996673583986,250.36371343563872,225.996220036041,0.3668990513866329,24.36749339959772,45.663713351528244,0.7329692262580636,1.521353116565587,-0.7883838903075233,-0.000805297297409524,-0.0017391917687868963,234.5280303955078
2025-03-06,233.64106399817908,237.04940729600818,232.3654272740836,234.5280303955078,45170400,AAPL,238.3352020263672,250.24671649090612,226.42368756182827,0.3401894384549717,23.82302892907785,45.10070145926963,0.35796851178710654,1.2886761956098909,-0.9307076838227843,-0.0017391917687868963,0.015892618029543115,238.2552947998047
2025-03-07,234.30878315837532,240.54744460053885,233.95996981993864,238.2552947998047,46273600,AAPL,238.63946838378905,250.2115519829997,227.0673847845784,0.48340084649878573,23.144167198421314,51.03182463594483,0.3574167533644186,1.1024243071607966,-0.7450075537963781,0.015892618029543115,-0.04847960193409895,226.70477294921875
2025-03-10,234.73730306532093,235.35520052510583,223.45588808739058,226.70477294921875,72071200,AAPL,238.64445037841796,250.19587302742437,227.09302772941155,-0.016805496257475742,23.102845298012824,37.50821485738887,-0.5684978118666493,0.7682398833553075,-1.3367376952219567,-0.04847960193409895,-0.029189374883390795,220.08740234375
2025-03-11,223.04728218644934,225.0703629938446,216.7089556312574,220.08740234375,76137400,AAPL,238.30511093139648,251.5013136692243,225.10890819356868,-0.1902632882194283,26.392405475655607,32.237375843163235,-1.8153322595709085,0.25152545477006427,-2.0668577143409728,-0.029189374883390795,-0.01747865727172493,216.24057006835938
2025-03-12,219.38980505207962,220.99431909322652,214.17763213362198,216.24057006835938,62547500,AAPL,237.5257766723633,253.6715683531586,221.379984991568,-0.15915648562844165,32.2915833615906,29.630640872990682,-3.0783791193752563,-0.4144554600589998,-2.6639236593162563,-0.01747865727172493,-0.03364369240834908,208.96543884277344
2025-03-13,215.2140760046737,216.1010424274323,207.7097381833997,208.96543884277344,61368300,AAPL,236.1709098815918,256.56832239705733,215.77349736612626,-0.16688534681030953,40.794825030931065,25.440860518190817,-4.6132168523812425,-1.2542077385234485,-3.3590091138577938,-0.03364369240834908,0.018170527863980768,212.762451171875
2025-03-14,210.53007941159925,213.22087501834247,208.86577244295887,212.762451171875,60107600,AAPL,234.77368774414063,257.43911684028774,212.10825864799355,0.014431505379985395,45.33085819229419,30.93024893287331,-5.460257205521657,-2.09541763192309,-3.364839573598567,0.018170527863980768,0.0023889813247655045,213.27073669433594
2025-03-17,212.58308562424435,214.4865804284824,209.25447123387838,213.27073669433594,48073400,AAPL,233.24890213012696,257.3471016748663,209.15070258538765,0.0854842724100461,48.19639908947863,31.655646558303502,-6.021120663249917,-2.8805582381884554,-3.1405624250614617,0.0023889813247655045,-0.006121524276716084,211.96519470214844
2025-03-18,213.43018643369246,214.4168029665515,210.76928711901598,211.96519470214844,42432400,AAPL,231.6653175354004,256.9577957995789,206.37283927122186,0.11055372614171566,50.584956528357026,30.76199038513755,-6.496072640467929,-3.60366111864435,-2.892411521823579,-0.006121524276716084,0.011989258640142442,214.50650024414062
2025-03-19,213.4899719913265,218.01449366985423,213.02157246340184,214.50650024414062,54385400,AAPL,230.1888671875,255.8651308937596,204.51260348124038,0.19461353250675323,51.35252741251924,34.63051240968291,-6.591431466671054,-4.201215188249691,-2.390216278421363,0.011989258640142442,-0.0052964532819913535,213.37037658691406
2025-03-20,213.2607508466693,216.74882322763474,211.4967785561088,213.37037658691406,48862900,AAPL,228.60777435302734,254.337436134961,202.87811257109368,0.20389432447160327,51.459323563867315,33.72335088289212,-6.681657716646868,-4.697303693929126,-1.9843540227177412,-0.0052964532819913535,0.019476894134998757,217.5261688232422
2025-03-21,210.83902892918795,218.09421843072647,210.55998434888178,217.5261688232422,94127800,AAPL,227.2484230041504,252.29453302697675,202.20231298132404,0.30591289082321355,50.09222004565271,39.92273785066146,-6.344687361261066,-5.026780427395515,-1.317906933865551,0.019476894134998757,0.011270504380850088,219.97779846191406
2025-03-24,220.24688262166092,220.72524263370704,217.83513125215714,219.97779846191406,44299500,AAPL,225.9344169616699,249.571281940589,202.29755198275083,0.3739972812581458,47.27372995783816,43.2926111491301,-5.812803523486252,-5.183985046613663,-0.6288184768725893,0.011270504380850088,0.013681856127698344,222.9875030517578
2025-03-25,220.01766257627696,223.33631640181736,219.33001153042758,222.9875030517578,34493600,AAPL,224.77388610839844,246.52077981277773,203.02699240401915,0.45892785698674526,43.49378740875858,47.207583273971764,-5.0897522471397,-5.16513848671887,0.07538623957917068,0.013681856127698344,-0.009921848040083447,220.77505493164062
2025-03-26,222.7483031053444,224.25316696482244,219.71866969932233,220.77505493164062,34466100,AAPL,223.8355941772461,244.54769322996404,203.12349512452815,0.42611711546435826,41.42419810543589,44.76119917416392,-4.641747795229207,-5.060460348420938,0.41871255319173084,-0.009921848040083447,0.010472665366113354,223.087158203125
2025-03-27,220.63553483035878,224.22327264250706,219.80836152348044,223.087158203125,37094800,AAPL,223.16538619995117,243.04685736520213,203.28391503470021,0.4980326406387144,39.762942330501915,47.80529381544162,-4.053408458882018,-4.859049970513155,0.8056415116311371,0.010472665366113354,-0.026580411812665128,217.15740966796875
2025-03-28,220.91456609374504,223.04727255158852,216.93815819229235,217.15740966796875,39818600,AAPL,221.97246475219725,240.22272709093065,203.72220241346386,0.3680825789005431,36.500524677466785,41.49028377368319,-4.019294520572544,-4.691098880525033,0.671804359952489,-0.026580411812665128,0.019412677172281345,221.37301635742188
2025-03-31,216.27045427307317,224.8511131847691,215.49311362240712,221.37301635742188,65299300,AAPL,221.1801742553711,238.03670824461122,204.32364026613098,0.505720099463326,33.71306797848024,46.86423233295215,-3.6104754367489136,-4.474974191769809,0.8644987550208958,0.019412677172281345,0.004771951175297495,222.4293975830078
2025-04-01,219.06091135294477,222.91771798921508,218.15400887457568,222.4293975830078,36412700,AAPL,220.54534530639648,236.16410768819682,204.92658292459615,0.560313750557045,31.237524763600675,48.14941380639927,-3.1647608381309738,-4.212931521042043,1.0481706829110689,0.004771951175297495,0.00313635061160511,223.12701416015625
2025-04-02,220.56578026164416,224.4225869866718,220.2667995775576,223.12701416015625,35905900,AAPL,219.95486450195312,234.18378766470846,205.7259413391978,0.6114683669986472,28.457846325510673,49.02622303576343,-2.723838267952601,-3.9151128704241542,1.191274602471553,0.00313635061160511,-0.09245610910922164,202.49755859375
2025-04-03,204.83954098981803,206.78290782089874,200.56416741637668,202.49755859375,103419000,AAPL,218.35334091186525,232.86812014599306,203.83856167773743,-0.04619440166318214,29.02955846825563,31.86569890806797,-3.9929997949853657,-3.9306902553363967,-0.062309539648969015,-0.09245610910922164,-0.07288740460316123,187.738037109375
2025-04-04,193.2292544699453,199.19884701911502,186.70157274086588,187.738037109375,125910900,AAPL,215.82747802734374,232.9564212125516,198.6985348421359,-0.3199408630833141,34.25788637041569,25.09714827109714,-6.119250570816092,-4.368402318432336,-1.750848252383756,-0.07288740460316123,-0.03673428915114274,180.84161376953125
2025-04-07,176.59612158290105,193.48835506739644,174.02491207450518,180.84161376953125,160466300,AAPL,213.53432006835936,235.7493022099771,191.31933792674164,-0.23582562638169619,44.42996428323545,22.673714141494855,-8.265523546844037,-5.147826564114676,-3.1176969827293606,-0.03673428915114274,-0.049818101062165554,171.83242797851562
2025-04-08,186.0637635998773,189.69135865616965,168.63337548243626,171.83242797851562,120859500,AAPL,211.12157135009767,239.57224778064125,182.6708949195541,-0.1904781942091663,56.90135286108716,19.961926873907885,-10.571563935358967,-6.232574038363534,-4.338989896995432,-0.049818101062165554,0.15328841216885225,198.17234802246094
2025-04-09,171.3640110222038,199.926344669284,171.30421792842867,198.17234802246094,184395900,AAPL,210.21816024780273,239.10538978368552,181.33093071191993,0.29150281250787885,57.77445907176559,41.85691133633151,-10.156626869460695,-7.017384604582967,-3.139242264877728,0.15328841216885225,-0.042393860583427534,189.77105712890625
2025-04-10,188.42566697985896,194.1161990933285,182.37634591183127,189.77105712890625,121880000,AAPL,209.25844116210936,239.49237458752123,179.0245077366975,0.17772330912087325,60.467866850823725,38.261668915305684,-10.385977138462607,-7.6911031113588955,-2.6948740271037117,-0.042393860583427534,0.04059456922966587,197.4747314453125
2025-04-11,185.46580802047046,198.85999394662434,185.42593581806156,197.4747314453125,87435900,AAPL,208.49405517578126,239.1056401124698,177.8824702390927,0.32001383212827555,61.22316987337712,43.08886379925142,-9.83277068422413,-8.119436625931943,-1.7133340582921868,0.04059456922966587,0.022053973727107268,201.829833984375
2025-04-14,210.71943358737073,212.21432171985006,200.4744681359889,201.829833984375,101352900,AAPL,207.9220100402832,238.58272140416983,177.26129867639656,0.4006517496674295,61.32142272777327,45.67484904628863,-8.93987687013231,-8.283524674772018,-0.6563521953602915,0.022053973727107268,-0.0018762965785447117,201.45114135742188
2025-04-15,201.1720967653651,202.81646776904176,199.11911932089467,201.45114135742188,51343900,AAPL,207.39630737304688,238.12217152724747,176.6704432188463,0.40325469796734376,61.45172830840119,45.481324952280644,-8.168646349331482,-8.260549009683912,0.09190266035242978,-0.0018762965785447117,-0.03893343751718448,193.6079559326172
2025-04-16,197.68401406478426,200.01603598224625,191.71442177543545,193.6079559326172,59732400,AAPL,206.35138015747071,237.45803531412668,175.24472500081475,0.2951656299805222,62.21331031331192,41.55429546775464,-8.096983139294366,-8.227835835606003,0.13085269631163676,-0.03893343751718448,0.013949632775603904,196.3087158203125
2025-04-17,196.5279673080365,198.15241736523095,193.75744237056688,196.3087158203125,52164700,AAPL,205.49829711914063,236.7237795265659,174.27281471171537,0.35285125176091925,62.45096481485052,43.3676139554366,-7.733118204329003,-8.128892309350604,0.3957741050216015,0.013949632775603904,-0.019392881061038092,192.50172424316406
2025-04-21,192.61134997705832,193.13954254760668,189.16313478921086,192.50172424316406,46742500,AAPL,204.24707489013673,235.44990753509157,173.0442422451819,0.31179031435032606,62.40566528990968,41.41695956395171,-7.663603771928308,-8.035834601866146,0.3722308299378376,-0.019392881061038092,0.03406515943944233,199.059326171875
2025-04-22,195.45165216386687,200.9030125684292,195.3021694205859,199.059326171875,52976400,AAPL,203.20115127563477,233.61713974837718,172.78516280289236,0.43191368566779426,60.831976945484826,45.92855927452638,-6.998692837450221,-7.828406248982962,0.8297134115327403,0.03406515943944233,0.024331588268553084,203.9027557373047
2025-04-23,205.29797863560773,207.29116289420588,202.10888686320854,203.9027557373047,52929200,AAPL,202.2469139099121,231.28634547142627,173.20748234839795,0.5285102314052706,58.07886312302833,49.049596185905514,-6.011623589121712,-7.465049717010712,1.4534261278890002,0.024331588268553084,0.018426141911106475,207.65989685058594
2025-04-24,204.1917605029567,208.11833592046503,202.248408894664,207.65989685058594,47311000,AAPL,201.59115600585938,229.4976102166678,173.68470179505096,0.6087336427423317,55.81290842161684,51.39336989228825,-4.870055244908883,-6.946050822590347,2.0759955776814634,0.018426141911106475,0.0043671931022537525,208.56678771972656
2025-04-25,205.66670113907415,209.03518721035243,205.49728231156092,208.56678771972656,38222300,AAPL,200.86513748168946,227.20860043739685,174.52167452598206,0.6461776352445819,52.68692591141479,51.96772881954548,-3.847820316207759,-6.32640472131383,2.478584405106071,0.0043671931022537525,0.004109481906493517,209.42388916015625
2025-04-28,209.28436685718972,210.77925519188395,206.75302930142868,209.42388916015625,38743100,AAPL,200.47846145629882,226.0703114590761,174.88661145352154,0.6747710248162336,51.183700005554556,52.53853787650375,-2.9347014358952777,-5.6480640642301205,2.713362628334843,0.004109481906493517,0.005091803132489137,210.490234375
2025-04-29,207.978817902887,211.51672307140856,207.6599011161091,210.490234375,36827600,AAPL,199.93432235717773,224.15185880537578,175.7167859089797,0.717939426671281,48.43507289639609,53.28239341472515,-2.100786439185498,-4.938608539221196,2.837822100035698,0.005091803132489137,0.0061076408542186655,211.7758331298828
2025-04-30,208.58674127234366,212.8521544830753,205.96569903614,211.7758331298828,52286500,AAPL,199.4016441345215,222.03331841763847,176.7699698514045,0.7733820936216008,45.26334856623396,54.214083978764144,-1.320938761155162,-4.21507458360799,2.894135822452828,0.0061076408542186655,0.0038588679064202047,212.59304809570312
2025-05-01,208.3674918385056,213.82881264887993,208.18809734114114,212.59304809570312,57365700,AAPL,198.87494583129882,219.69097397235845,178.05891769023918,0.8295081600448392,41.632056282119265,54.83074933312002,-0.6297026199986533,-3.4980001908861227,2.8682975708874694,0.0038588679064202047,-0.03736171359938467,204.65020751953125
2025-05-02,205.38767599056177,206.28461806468735,201.4710760745947,204.65020751953125,101010600,AAPL,198.9825782775879,219.89445895493463,178.07069760024115,0.6355121839443868,41.82376135469349,48.05605129821792,-0.7145766565649865,-2.941315484021896,2.2267388274569093,-0.03736171359938467,-0.03145849867088735,198.21221923828125
2025-05-05,202.40787903175757,203.4044712176219,197.5345438511527,198.21221923828125,69018500,AAPL,199.50628738403321,219.78041912731766,179.23215564074877,0.46808573205161774,40.548263486568885,43.37771486120934,-1.2865017998825863,-2.610352747194034,1.3238509473114477,-0.03145849867088735,-0.0019106182615660217,197.83351135253906
2025-05-06,197.53454585917262,199.96621804369693,196.34859871285207,197.83351135253906,51216500,AAPL,200.3558822631836,218.7688885308323,181.94287599553488,0.43150572823416994,36.82601253529742,43.111839087082004,-1.7501406261320938,-2.4383103229816463,0.6881696968495525,-0.0019106182615660217,-0.011384846084720346,195.58120727539062
2025-05-07,198.49125449640593,198.7603386318323,192.59143085844198,195.58120727539062,68536700,AAPL,201.54332122802734,214.78117490653034,188.30546754952434,0.2748081336509025,26.475707357006,41.48331960575112,-2.2731167767709906,-2.405271613739515,0.1321548369685246,-0.011384846084720346,0.0063184946335548275,196.81698608398438
2025-05-08,197.04619801698016,199.3682595147921,194.0165494128041,196.81698608398438,50478900,AAPL,201.4755531311035,214.7953638152629,188.15574244694412,0.3251263791361786,26.639621368318785,42.76089818879137,-2.5583708157396075,-2.435891454139534,-0.12247936160007367,0.0063184946335548275,0.005266076204561099,197.8534393310547
2025-05-09,198.32183886048443,199.85658408831688,196.86680762308345,197.8534393310547,36453900,AAPL,201.87967224121093,214.20805429175758,189.55129019066428,0.3367087873474155,24.6567641010933,43.867811407473155,-2.6700251933334584,-2.4827182019783187,-0.18730699135513973,0.005266076204561099,0.06314614951132236,210.3471221923828
2025-05-12,210.52675192915717,210.82612467262763,206.31561695740214,210.3471221923828,63775800,AAPL,202.52329177856444,215.20362539408237,189.84295816304652,0.8085025461886797,25.360667231035848,55.13164768935078,-1.7304289909054944,-2.332260359763754,0.6018313688582597,0.06314614951132236,0.010152329556051276,212.48263549804688
2025-05-13,209.98788789546765,212.95164926547025,208.56089957562318,212.48263549804688,51909300,AAPL,203.05593185424806,216.44986956957402,189.6619941389221,0.8519018769593182,26.787875430651923,56.72994755437607,-0.8042037937832731,-2.026649046567658,1.222445252784385,0.010152329556051276,-0.0028177566784739483,211.8839111328125
2025-05-14,211.98369190366654,213.49052924285678,210.1375877621875,211.8839111328125,49325800,AAPL,203.57757034301758,217.48370977101771,189.67143091501745,0.7986573244429733,27.812278856000262,56.12628563884996,-0.11712555401922486,-1.6447443480579715,1.5276187940387467,-0.0028177566784739483,-0.004144526899852674,211.00575256347656
2025-05-15,210.506803034962,212.51258988469863,209.0997617101353,211.00575256347656,45029500,AAPL,204.44746017456055,217.92005518949912,190.97486515962197,0.7433938072674233,26.945190029877153,55.19851739500868,0.3524658368918381,-1.2453023110680097,1.5977681479598478,-0.004144526899852674,-0.0008985807760553133,210.81614685058594
2025-05-16,211.9138418912236,212.12340739052024,209.3292870180407,210.81614685058594,54737900,AAPL,205.1728317260742,218.3739817876515,191.9716816644969,0.713743313960839,26.40230012315459,54.98716959823465,0.701237373051498,-0.8559943742441082,1.557231747295606,-0.0008985807760553133,-0.011739103087880398,208.3413543701172
2025-05-19,207.47318710280226,209.0398806327114,203.83084657536088,208.3413543701172,46140500,AAPL,205.96481323242188,217.86682727640473,194.06279918843902,0.5998377723683156,23.80402808796572,52.178909294141086,0.7690807733323481,-0.5309793447288169,1.300060118061165,-0.011739103087880398,-0.009196227967492532,206.42539978027344
2025-05-20,207.23369558110693,208.03201787298204,204.5992426766309,206.42539978027344,42496600,AAPL,206.3331169128418,217.8057201738309,194.8605136518527,0.5040218800098069,22.945206521978207,50.047864144670605,0.6606302988830066,-0.29265741600645223,0.9532877148894588,-0.009196227967492532,-0.023059077289488417,201.66542053222656
2025-05-21,204.7389515122616,206.6050179110669,200.2883301620853,201.66542053222656,59211800,AAPL,206.22125015258788,217.82929545347594,194.61320485169983,0.3037641350343116,23.216090601776102,45.117825274515305,0.18841998374222158,-0.1964419360567175,0.3848619197989391,-0.023059077289488417,-0.003612269504163268,200.93695068359375
2025-05-22,200.28832240028711,202.32402973584547,199.28043462788855,200.93695068359375,46742400,AAPL,205.88510284423828,217.69465656006923,194.07554912840732,0.29050215276080155,23.619107431661917,44.39703328608066,-0.24180415403668576,-0.2055143796527112,-0.03628977438397457,-0.003612269504163268,-0.030244359994423098,194.8597412109375
2025-05-23,193.2630967266574,197.28462846236872,193.05354646446796,194.8597412109375,78432900,AAPL,205.19975051879882,217.86703755280433,192.5324634847933,0.0918617269781832,25.334574068011023,38.824586383908255,-1.0609103834026143,-0.37659358040269186,-0.6843168029999225,-0.030244359994423098,0.025298332196322493,199.78936767578125
2025-05-27,197.88337691051132,200.31825293342968,197.01519441683536,199.78936767578125,56288500,AAPL,204.71802444458007,217.43878306224426,191.99726582691588,0.3062750455010274,25.441517235328377,44.86935337304261,-1.297323575785498,-0.5607395794792531,-0.7365839963062448,0.025298332196322493,0.0010489257332475521,199.99893188476562
2025-05-28,200.16857290124128,202.3040763244224,199.48002009942556,199.99893188476562,45339700,AAPL,204.19345932006837,216.78342798368757,191.60349065644917,0.3334178762722608,25.179937327238406,45.11762286031765,-1.451045899861242,-0.738800843555651,-0.7122450563055911,0.0010489257332475521,-0.0023451358153920854,199.5299072265625
2025-05-29,203.15228556391767,203.38179807643976,198.09293019267844,199.5299072265625,51396800,AAPL,203.58116302490234,215.82285200339032,191.33947404641435,0.3345303574752222,24.48337795697597,44.63317031323091,-1.5923625549924907,-0.909513185843019,-0.6828493691494717,-0.0023451358153920854,0.004501165153201203,200.4280242919922
2025-05-30,198.95112277889336,201.53569281345096,196.36656797106642,200.4280242919922,70819900,AAPL,202.9729118347168,214.5541342776421,191.3916893917915,0.3901287167539373,23.16244488585062,45.83257348556063,-1.6132894840782512,-1.0502684454900655,-0.5630210385881858,0.004501165153201203,0.0042319709002895944,201.27622985839844
2025-06-02,199.85921507319503,201.70533435611304,199.69954757512772,201.27622985839844,35423300,AAPL,202.80421295166016,214.38108462767144,191.22734127564888,0.43400708170464153,23.15374335202256,47.000301735207465,-1.543637038787324,-1.1489421641495172,-0.3946948746378067,0.0042319709002895944,0.007783886983989463,202.8429412841797
2025-06-03,200.92697696252267,203.34189080211323,200.53779694760377,202.8429412841797,46381600,AAPL,203.03574905395507,214.41962100774015,191.65187710017,0.4915315381902518,22.76774390757015,49.17958828707,-1.3464949005194455,-1.188452711423503,-0.15804218909594248,0.007783886983989463,-0.0022138614203993656,202.3938751220703
2025-06-04,202.4836823743862,205.80668775064265,201.67538665008354,202.3938751220703,43604000,AAPL,203.26376724243164,214.4017345835379,192.1257999013254,0.46094924263465614,22.275934682212494,48.563200189612175,-1.2125170797596923,-1.193265585090741,-0.019251494668951263,-0.0022138614203993656,-0.010797729357132413,200.20848083496094
2025-06-05,203.07244608657666,204.3198198340372,199.72947835269025,200.20848083496094,55126100,AAPL,203.49513092041016,214.16765683335584,192.8226050074645,0.34602285755696555,21.345051825891346,45.56989150897779,-1.2680642906175024,-1.2082253261960934,-0.05983896442140901,-0.010797729357132413,0.016398311604960636,203.49156188964844
2025-06-06,202.57349663849442,205.26782088834017,201.62549563553227,203.49156188964844,46607700,AAPL,203.82885971069337,214.05323199445635,193.60448742693038,0.48350520639880357,20.448744567525978,50.50546828224718,-1.0352351062647358,-1.173627282209822,0.13839217594508613,0.016398311604960636,-0.012112606584436802,201.02674865722656
2025-06-09,203.96057412654167,205.56719211084615,199.59976040917107,201.02674865722656,72862600,AAPL,203.98752517700194,213.93067986777774,194.04437048622614,0.3511148316679578,19.886309381551598,47.05563990114057,-1.0376448053694105,-1.1464307868417398,0.10878598147232932,-0.012112606584436802,0.006056174171157558,202.24420166015625
2025-06-10,200.17855851367187,203.92068000712237,200.14862275986277,202.24420166015625,54672600,AAPL,203.58237915039064,213.10754017425006,194.0572181265312,0.4297556499631656,19.05032204771885,48.911870643833915,-0.9305889761679111,-1.1032624247069742,0.17267344853906308,0.006056174171157558,-0.01919380583292518,198.36236572265625
2025-06-11,203.0724503091444,204.07034932786254,197.99314795828434,198.36236572265625,60989900,AAPL,202.8763656616211,211.72744852031695,194.02528280292523,0.2450029555123865,17.702165717391722,43.656203231727716,-1.1457704499995884,-1.1117640297654972,-0.034006420234091284,-0.01919380583292518,0.0021128663073402,198.78147888183594
2025-06-12,198.66173587371065,199.26046614106752,196.94534836583952,198.78147888183594,43904600,AAPL,202.22124404907225,210.20568986123243,194.23679823691208,0.28459587251518365,15.96889162432035,44.351461509735365,-1.267869182326308,-1.1429850602776594,-0.12488412204864852,0.0021128663073402,-0.013805194198080128,196.03726196289062
2025-06-13,199.3103695725812,199.9490243445518,195.2888376882346,196.03726196289062,51447300,AAPL,201.47281951904296,208.80259623728202,194.1430428008039,0.12921397437477494,14.65955343647812,40.80131674634256,-1.5679938216169376,-1.2279868125455151,-0.34000700907142245,-0.013805194198080128,0.010028022576847206,198.0031280517578
2025-06-16,196.8854859861783,198.27256505925683,196.1470352061455,198.0031280517578,43020700,AAPL,200.83216857910156,206.9175683919822,194.74676876622092,0.26755508147914353,12.170799625761276,44.24439457540954,-1.6284441066031832,-1.3080782713570487,-0.3203658352461345,0.010028022576847206,-0.014010737856372857,195.2289581298828
2025-06-17,196.78567812068002,197.97318035709665,194.79986887227625,195.2289581298828,38856200,AAPL,200.17654876708986,205.68239663547925,194.67070089870046,0.050696754117332474,11.01169573677879,40.651266600151224,-1.8785489777066289,-1.4221724126269648,-0.45637656507966406,-0.014010737856372857,0.004804789548654709,196.1669921875
2025-06-18,195.52833742048526,197.15491770400297,194.66017014117494,196.1669921875,45394700,AAPL,199.66362838745118,204.63028646733218,194.69697030757018,0.14798903571443742,9.933316159762,42.35593251811196,-1.9782631943144224,-1.5333905689644565,-0.44487262534996597,0.004804789548654709,0.022484520846297373,200.5777130126953
2025-06-20,197.82351706190548,201.27623931614946,196.44641147314488,200.5777130126953,96813500,AAPL,199.6092430114746,204.51042013418822,194.70806588876098,0.5987997349384202,9.802354245427239,49.675463505489795,-1.6819901848683116,-1.5631104921452277,-0.11887969272308396,0.022484520846297373,0.002487474192778505,201.07664489746094
2025-06-23,201.20637663769034,201.87496712850407,198.54198818263384,201.07664489746094,55814300,AAPL,199.61622772216796,204.52534517543347,194.70711026890245,0.6487453894917014,9.818234906531018,50.442045093558875,-1.3908986432427355,-1.5286681223647292,0.13776947912199367,0.002487474192778505,-0.005955261437092574,199.87918090820312
2025-06-24,202.16436301176623,203.0125832870988,199.77938491343542,199.87918090820312,54064000,AAPL,199.86719970703126,204.2645264529664,195.46987296109612,0.5013623278259841,8.794653491870292,48.53128451263172,-1.2425089656906039,-1.4714362910299041,0.22892732533930027,-0.005955261437092574,0.006290497448638854,201.1365203857422
2025-06-25,201.02675088646447,203.24208788881052,200.19849288768373,201.1365203857422,39525700,AAPL,199.9345573425293,204.36618884101154,195.50292584404707,0.635611799359281,8.863262996964465,50.64534066563613,-1.011789015375257,-1.3795068358989748,0.36771782052371793,0.006290497448638854,-0.002778249181079495,200.5777130126953
2025-06-26,201.00680230384165,202.2142668779585,199.04095514509618,200.5777130126953,50799100,AAPL,199.96349639892577,204.4039816076924,195.52301119015914,0.5691609795881005,8.880970417533263,49.668886478076274,-0.864072388728772,-1.2764199464649342,0.41234755773616216,-0.002778249181079495,0.00039802021458856807,200.6575469970703
2025-06-27,201.46584280819525,202.79305039965564,199.57981417332658,200.6575469970703,73188600,AAPL,200.01987838745117,204.46554307422565,195.5742137006767,0.571718028073075,8.891329373548956,49.81774472880751,-0.7321244871755255,-1.1675608546070524,0.4354363674315269,0.00039802021458856807,0.02034007911458713,204.7389373779297
2025-06-30,201.58557286233471,206.95427439094752,198.84135059390303,204.7389373779297,91912800,AAPL,200.23542404174805,205.1342689797036,195.3365791037925,0.9596505291777117,9.79768987591109,56.84481602724429,-0.2948222035860226,-0.9930131244028465,0.6981909208168239,0.02034007911458713,0.01291615425542747,207.3833770751953
2025-07-01,206.23578409144605,209.74839282792448,205.70689884063935,207.3833770751953,78788900,AAPL,200.5407814025879,206.33972099693918,194.74184180823661,1.089986803731561,11.597879188702564,60.68613314826277,0.2621057973396148,-0.7419893400543544,1.004095137393969,0.01291615425542747,0.022230762139012317,211.99366760253906
2025-07-02,208.47108532398713,212.8917706186518,207.7026988246806,211.99366760253906,67941800,AAPL,200.99831771850586,208.6117318629698,193.3849035740419,1.2221037549906841,15.22682828892789,66.31546727028436,1.0632309022707034,-0.3809452915893428,1.4441761938600461,0.022230762139012317,0.0052249957659193935,213.10133361816406
2025-07-03,211.70426588787655,214.1990133776075,211.3649838836884,213.10133361816406,34955800,AAPL,201.53369064331054,210.7924519503545,192.27492933626658,1.1246863155470377,18.51752261408791,67.51886097365556,1.767137251799113,0.04867121708834837,1.7184660347107648,0.0052249957659193935,-0.01685788485292905,209.50889587402344
2025-07-07,212.23315593085263,215.77570049162512,208.36131809352125,209.50889587402344,50229000,AAPL,201.99871139526368,211.85919957937477,192.1382232111526,0.8808221428053354,19.720976368222182,60.02854517391977,2.0119162839278033,0.4413202304562394,1.570596053471564,-0.01685788485292905,0.00028578971805215403,209.5687713623047
2025-07-08,209.658593847986,210.98578616820197,208.01205130024096,209.5687713623047,42848900,AAPL,202.30257186889648,212.68887744597492,191.91626629181803,0.849797116957737,20.77261115415689,60.10797901446906,2.1855432992313695,0.7901648442112654,1.395378455020104,0.00028578971805215403,0.00538068961510163,210.69639587402344
2025-07-09,209.0897778625777,210.8859991217609,206.78463359109693,210.69639587402344,48749400,AAPL,202.78605422973632,213.77268401688212,191.79942444259052,0.8599985526745473,21.973259574291603,61.65352241594073,2.3866223372361617,1.1094563428162447,1.277165994419917,0.00538068961510163,0.0060150494644521935,211.9637451171875
2025-07-10,210.06772774811225,213.03148920420767,209.58874045798783,211.9637451171875,44443600,AAPL,203.27203140258788,214.95743340651381,191.58662939866196,0.8719047796421326,23.37080400785186,63.371172401345184,2.6180640036492093,1.4111778749828376,1.2068861286663717,0.0060150494644521935,-0.005884925020458898,210.7163543701172
2025-07-11,210.12759762046792,211.68431760849728,209.41908263784933,210.7163543701172,39765800,AAPL,203.88973083496094,215.77606900571718,192.0033926642047,0.7871625994939163,23.772676341512465,60.4987614827504,2.670050503167772,1.6629524006198246,1.0070981025479475,-0.005884925020458898,-0.01202881464197092,208.1816864013672
2025-07-14,209.48893166698292,210.46688365912564,207.10395364435493,208.1816864013672,38840100,AAPL,204.3597412109375,216.14391385940772,192.57556856246728,0.6621643412923791,23.568345296940436,55.039515410653614,2.47815700524734,1.825993321545328,0.6521636837020119,-0.01202881464197092,0.0023488288655426626,208.67066955566406
2025-07-15,208.7804390594974,211.44482767792792,208.48106630115817,208.67066955566406,42296300,AAPL,204.99141159057618,216.26681772990176,193.7160054512506,0.6631541214402745,22.550812278651165,55.86690130445216,2.338579194339104,1.9285104961040833,0.4100686982350208,0.0023488288655426626,0.005021264030900419,209.7184600830078
2025-07-16,209.85816533566302,211.9537441254909,208.20164932080104,209.7184600830078,47490500,AAPL,205.57717819213866,216.55279068925663,194.6015656950207,0.6886583501356572,21.95122499423593,57.66471573691274,2.2861573139644804,2.000039859676163,0.2861174542883176,0.005021264030900419,-0.0006661763232523876,209.57875061035156
2025-07-17,210.12759810142074,211.3550095983717,209.14964612579556,209.57875061035156,48068100,AAPL,206.2946678161621,216.30417774007105,196.28515789225315,0.6640481311849755,20.0190198478179,57.3293693171154,2.2078880501660194,2.041609497774134,0.16627855239188527,-0.0006661763232523876,0.005523280640275852,210.73631286621094
2025-07-18,210.42696659875526,211.34503189230253,209.25942654413325,210.73631286621094,48974600,AAPL,207.02313385009765,216.05083108076977,197.99543661942553,0.7056548265430053,18.055394461344235,59.434336317815216,2.213746008624213,2.07603679994415,0.1377092086800631,0.005523280640275852,0.006155900285392368,212.03358459472656
2025-07-21,211.65439331220318,215.32665448510335,211.18537954340883,212.03358459472656,51377400,AAPL,207.5959274291992,216.3651452238643,198.82670963453413,0.7530246864336684,17.538435589330163,61.71378561430357,2.2965937662878844,2.1201481932128967,0.17644557307498765,0.006155900285392368,0.009036090171780309,213.9495391845703
2025-07-22,212.69219192810166,214.49838667908332,211.78410018506472,213.9495391845703,46404100,AAPL,208.23957214355468,216.88916948556266,199.5899748015467,0.8300712631606778,17.29919468401596,64.85484239498788,2.4881706517806776,2.1937526849264533,0.2944179668542244,0.009036090171780309,-0.0011660036442873167,213.7000732421875
2025-07-23,214.54829351654996,214.69797228179937,211.9637386583707,213.7000732421875,46989300,AAPL,208.9306167602539,216.98602175676405,200.87521176374378,0.7960407629411478,16.11080999302027,64.11724571479432,2.59001086407892,2.2730043207569466,0.3170065433219733,-0.0011660036442873167,-0.0018211290671763525,213.31089782714844
2025-07-24,213.45060308663847,215.23685093304425,213.08138530657155,213.31089782714844,46022600,AAPL,209.53933563232422,216.96194836524415,202.1167228994043,0.7540589365586196,14.84522546583986,62.91511862978456,2.609239078621954,2.3402512723299482,0.2689878062920057,-0.0018211290671763525,0.0005613917422049308,213.43064880371094
2025-07-25,214.24891808809048,214.7877920897316,212.95164630742312,213.43064880371094,40268800,AAPL,210.181982421875,216.53883131442052,203.8251335293295,0.755524902097763,12.713697785091028,63.14410039044931,2.604121785256126,2.393025374915184,0.21109641034094206,0.0005613917422049308,0.0007948587409902785,213.6002960205078
2025-07-28,213.5803337758995,214.39861831079742,212.61237047326716,213.6002960205078,37858000,AAPL,210.82911987304686,215.61747865861048,206.04076108748325,0.7893659677106637,9.576717571127233,63.488047302788274,2.5839690195971343,2.431214103851574,0.1527549157455601,0.0007948587409902785,-0.012987668901023652,210.8261260986328
2025-07-29,213.73000061776605,214.3586818606333,210.37707459375494,210.8261260986328,51411700,AAPL,211.13347930908202,215.02446612759476,207.24249249056928,0.46050446521858335,7.781973637025487,54.52685404666,2.3174315710298288,2.4084575972872253,-0.09102602625739653,-0.012987668901023652,-0.010507862911703691,208.6107940673828
2025-07-30,211.454797150492,211.94377315400357,207.28358653790625,208.6107940673828,45512500,AAPL,211.1948501586914,214.88061299831222,207.50908731907057,0.14945437298206343,7.371525679241643,48.624570084637575,1.9054748145765075,2.307861040745082,-0.40238622616857445,-0.010507862911703691,-0.007079609380583052,207.1339111328125
2025-07-31,208.0519764228089,209.39913099136336,206.72476887181696,207.1339111328125,80698400,AAPL,210.95186233520508,215.01625634577317,206.88746832463698,0.030317288079689617,8.128788021136188,45.11823296595857,1.44318783608378,2.1349263998128216,-0.6917385637290416,-0.007079609380583052,-0.025003668581794036,201.95480346679688
2025-08-01,210.4269561886582,213.13126916468397,201.07664747870345,201.95480346679688,104434500,AAPL,210.39453582763673,215.9210370378109,204.86803461746257,-0.26356921313095016,11.05300242034832,35.461179738936735,0.6514024085103358,1.8382216015523245,-1.1868191930419887,-0.025003668581794036,0.004793012026163446,202.9227752685547
2025-08-04,204.0803265791815,207.44325668811337,201.25627047720934,202.9227752685547,75109300,AAPL,210.0652297973633,216.477484886232,203.65297470849458,-0.05693780345759154,12.824510177737409,38.126736977346425,0.10085143481370551,1.4907475682046007,-1.3898961333908952,0.004793012026163446,-0.0021146353111312077,202.49366760253906
2025-08-05,202.97265486934364,204.90858140720596,201.73526982787092,202.49366760253906,44155100,AAPL,209.711474609375,216.9248553016079,202.49809391714209,-0.00030681276865016414,14.426761384465806,37.38950368135544,-0.3658720357112486,1.119423647421431,-1.4852956831326796,-0.0021146353111312077,0.05090672067065416,212.8019561767578
2025-08-06,205.1979708684584,214.9274858636443,205.15804638253505,212.8019561767578,108483100,AAPL,209.8167526245117,217.1451036295707,202.4884016194527,0.7036749843303984,14.65670201011801,58.26640626739097,0.09494452789729735,0.9145278235166042,-0.8195832956193069,0.05090672067065416,0.03179370364190537,219.56771850585938
2025-08-07,218.42014073215765,220.38600300495352,216.12496995802366,219.56771850585938,90224800,AAPL,210.19695129394532,218.63619747541867,201.75770511247197,1.055189824446979,16.8784923629467,66.22637628379613,0.9946200894232504,0.9305462766979335,0.06407381272531687,0.03179370364190537,0.04235784341318971,228.86813354492188
2025-08-08,220.36603010589778,230.51466074526758,218.78934791515115,228.86813354492188,113854000,AAPL,211.10454025268555,222.83461521656076,199.37446528881034,1.2571815758612954,23.46014992775042,73.6628186650826,2.4300728533995937,1.2304515920382657,1.199621261361328,0.04235784341318971,-0.008337365796965757,226.95997619628906
2025-08-11,227.6992650180531,229.33767612130436,224.54232171734583,226.95997619628906,61806100,AAPL,212.04345474243163,225.55784602902017,198.5290634558431,1.0518754466085478,27.028782573177068,70.24537150445178,3.3748045141351497,1.6593221764576427,1.715482337677507,-0.008337365796965757,0.010872426196794072,229.42758178710938
2025-08-12,227.78917070894937,230.57647717809445,226.8500938879156,229.42758178710938,55626200,AAPL,213.0813003540039,228.45975009482834,197.70285061317946,1.0314671409859923,30.756899481648873,72.05114682173412,4.273365611538878,2.1821308634738896,2.0912347480649887,0.010872426196794072,0.016024457949132653,233.10403442382812
2025-08-13,230.8462285986664,234.77241529044048,230.2068337695816,233.10403442382812,69878500,AAPL,214.2505790710449,231.82749866883267,196.67365947325715,1.0363128404807664,35.15383919557553,74.53117181238211,5.221945421134308,2.7900937750059733,2.4318516461283344,0.016024457949132653,-0.0023571835446725142,232.5545654296875
2025-08-14,233.83332460758467,234.89229562265464,230.6264418350812,232.5545654296875,51916300,AAPL,215.3993698120117,234.5386281302229,196.26011149380054,0.9481677223968618,38.27851663642235,73.48170147624447,5.86179309668492,3.4044336393417627,2.4573594573431574,-0.0023571835446725142,-0.005112168105708581,231.36570739746094
2025-08-15,233.77337703316005,234.0531046408583,229.11788646444978,231.36570739746094,56038700,AAPL,216.43083953857422,236.64695827948253,196.2147207976659,0.8693801973141678,40.43223748181663,71.14736983509128,6.201459516876724,3.9638388148487556,2.237620702027969,-0.005112168105708581,-0.0030225322092916063,230.66639709472656
2025-08-18,231.47561022214762,232.89423321308522,229.88715369469057,230.66639709472656,37476200,AAPL,217.36248016357422,238.38348607453312,196.3414742526153,0.8164433944670697,42.04201182191781,69.7438647957047,6.341122590975544,4.439295570074114,1.9018270209014307,-0.0030225322092916063,-0.001429256279357305,230.3367156982422
2025-08-19,231.05601964615855,232.64447617946885,229.1278960385577,230.3367156982422,39402600,AAPL,218.1818389892578,239.8736304847577,196.4900474937579,0.78017226496728,43.3835829909998,69.05228487108968,6.351982351407742,4.821832926340839,1.5301494250669023,-0.001429256279357305,-0.019734624185850147,225.79110717773438
2025-08-20,229.75726351111018,230.24679444121838,225.55134937034353,225.79110717773438,42263900,AAPL,218.78639068603516,240.6183588725832,196.95442249948712,0.6604233853733634,43.66393637309608,60.19004841246386,5.925490801946239,5.04256450146192,0.8829263004843195,-0.019734624185850147,-0.004911252928377019,224.68218994140625
2025-08-21,226.05087353353895,226.30063142153253,223.56327948127884,224.68218994140625,30621200,AAPL,219.35495529174804,241.17920000759904,197.53071057589705,0.6220485455285659,43.64848943170199,58.226779293545746,5.43535740614314,5.121123082398165,0.3142343237449756,-0.004911252928377019,0.012716733406805902,227.53941345214844
2025-08-22,225.95095699429655,228.8681272027074,225.1916985271248,227.53941345214844,42477800,AAPL,220.0603935241699,241.9849157452202,198.13587130311961,0.6705628942006711,43.84904444210059,61.693782018485926,5.2173350267424325,5.140365471267018,0.07696955547541418,0.012716733406805902,-0.002634317288807808,226.94000244140625
2025-08-25,226.26065308481304,229.07792927219558,226.01089520624416,226.94000244140625,30983100,AAPL,220.72737884521484,242.63683864610516,198.81791904432453,0.6417794791074436,43.818919601780635,60.558261962256516,4.939246699839487,5.100141716981512,-0.1608950171420256,-0.002634317288807808,0.00946469850209164,229.08792114257812
2025-08-26,226.65028173376106,229.26775474756235,224.4724002828088,229.08792114257812,54575100,AAPL,221.6404685974121,243.34443757765666,199.93649961716756,0.6715689087084684,43.40793796048911,63.17395232399815,4.836427460338456,5.047398865652901,-0.21097140531444492,0.00946469850209164,0.005145899965004919,230.26678466796875
2025-08-27,228.38860049855515,230.676376013076,228.03893336267103,230.26678466796875,31259500,AAPL,222.7232681274414,243.87275115480213,201.57378510008067,0.678338083507016,42.29896605472146,64.56300141246297,4.7947954888478534,4.996878190291891,-0.20208270144403784,0.005145899965004919,0.008980857430412437,232.33477783203125
2025-08-28,230.59647266873003,233.18396075811214,229.11789497993007,232.33477783203125,38074700,AAPL,223.98331146240236,244.25201662478975,203.71460630001496,0.7060187442345034,40.53741032477478,66.92019714886703,4.872504418985869,4.972003436030687,-0.09949901704481778,0.008980857430412437,-0.0018060207961334562,231.91517639160156
2025-08-29,232.28481317583598,233.15398096397084,231.145917853049,231.91517639160156,39418400,AAPL,225.48133010864257,243.29638084812615,207.66627936915899,0.6805733359125279,35.63010147896716,65.96145570302316,4.844387888444487,4.946480326513448,-0.10209243806896051,-0.0018060207961334562,-0.010424709383172748,229.49752807617188
2025-09-02,229.02798202980685,230.62643860177437,226.75019132336067,229.49752807617188,44075600,AAPL,226.81006774902343,241.3621173610451,212.25801813700176,0.5923395809799978,29.104099224043352,60.576418338127084,4.574291733787277,4.872042607968213,-0.29775087418093626,-0.010424709383172748,0.038089871578786294,238.2390594482422
2025-09-03,236.98028515930878,238.6186963224971,234.133039090421,238.2390594482422,66427800,AAPL,228.5973373413086,238.93424812568142,218.26042655693576,0.9663734798557898,20.673821568745666,70.08584455795247,5.007879394619437,4.899209965298458,0.10866942932097867,0.038089871578786294,0.005493288226302795,239.5477752685547
2025-09-04,238.21906152531412,239.66765417218173,236.51072617258424,239.5477752685547,47549400,AAPL,229.93462829589845,238.52426979646037,221.34498679533652,1.0595778922803332,17.17928300112385,71.20566354214135,5.394913959061398,4.998350764051047,0.3965631950103514,0.005493288226302795,-0.00037531045761318715,239.45787048339844
2025-09-05,239.76756781945676,241.08629675958926,238.25903569310344,239.45787048339844,54870400,AAPL,230.92913589477538,239.08202644259174,222.77624534695903,1.023049741597927,16.30578109563271,71.00900778611376,5.629493775018403,5.124579366244518,0.5049144087738853,-0.00037531045761318715,-0.007551402650500583,237.64962768554688
2025-09-08,239.06825064349684,239.91741830634814,236.11111057683257,237.64962768554688,48999500,AAPL,231.36821060180665,239.96367066721325,222.77275053640005,0.8653915576328775,17.190920130813197,67.00096976054652,5.60488031618155,5.220639556231925,0.38424075994962514,-0.007551402650500583,-0.014839412310012845,234.123046875
2025-09-09,236.77047435136637,238.5487492683241,233.13400016518182,234.123046875,66313900,AAPL,231.7263641357422,240.15252318860487,223.3002050828795,0.6422167991502349,16.852318105725374,59.89986365247203,5.240400301537164,5.224591705292973,0.01580859624419162,-0.014839412310012845,-0.03225948363240483,226.5703582763672
2025-09-10,231.96513778704139,232.19491077497392,225.73117543382176,226.5703582763672,83440800,AAPL,231.58350296020507,240.25405763388895,222.91294828652119,0.21090980493708533,17.341109347367762,48.13388074083908,4.292625697562556,5.038198503746889,-0.7455728061843327,-0.03225948363240483,0.014286344459361722,229.80722045898438
2025-09-11,226.66027725307507,230.22681187017153,226.43048902665416,229.80722045898438,50208600,AAPL,231.41866226196288,240.0926729401099,222.74465158381585,0.4071109165775926,17.348021356294055,52.44514418668611,3.7593596640298585,4.782430735803483,-1.0230710717736242,0.014286344459361722,0.017562991653877313,233.84332275390625
2025-09-12,228.9980136278554,234.28288383192944,228.79821036620638,233.84332275390625,55824200,AAPL,231.48310012817382,240.20890053782966,222.75729971851797,0.6352439039930735,17.451600819311693,57.220237039912995,3.6206852092725796,4.550081630497302,-0.9293964212247223,0.017562991653877313,0.011235905200573493,236.47076416015625
2025-09-15,236.77047667310174,237.95932665324483,234.80238330570734,236.47076416015625,42699500,AAPL,231.73835296630858,240.73010357629482,222.74660235632234,0.7631529386831443,17.98350121997248,60.033671264751156,3.6803722277331588,4.376139749944474,-0.6957675222113151,0.011235905200573493,0.006125886829152938,237.9193572998047
2025-09-16,236.9502954777413,240.98639147239973,236.09114297984144,237.9193572998047,63421100,AAPL,232.1010009765625,241.46778643107348,222.7342155220515,0.8105844770064693,18.733570909021978,61.5356202900827,3.800751284929447,4.261062056941469,-0.4603107720120221,0.006125886829152938,0.003527257682534257,238.75856018066406
2025-09-17,238.73857528095925,239.86748583209587,237.4997706474641,238.75856018066406,46508000,AAPL,232.5220932006836,242.28270145573313,222.76148494563407,0.8194712264347922,19.521216510099066,62.41679093806956,3.9186969152807762,4.192589028609331,-0.27389211332855457,0.003527257682534257,-0.004644576907642972,237.64962768554688
2025-09-18,239.737599946219,240.9664044724694,236.4208079152849,237.64962768554688,44249600,AAPL,233.11501922607422,242.60503059765134,223.6250078544971,0.7389148064170897,18.980022743154223,60.446214770569924,3.877985094261419,4.129668241739749,-0.25168314747832987,-0.004644576907642972,0.03203291306373979,245.26223754882812
2025-09-19,240.99636870073516,246.06146581163878,239.9773675285625,245.26223754882812,163741300,AAPL,234.1440216064453,244.19953715189015,224.08850606100046,1.0528416664533613,20.111031090889696,67.93115386082567,4.4091685273511985,4.185568298862039,0.2236002284891594,0.03203291306373979,0.043095700465100695,255.8319854736328
2025-09-22,248.05953649140056,256.3914711896616,247.8797028858207,255.8319854736328,105517400,AAPL,235.55865020751952,248.9174705946382,222.19982982040085,1.2587996050033725,26.71764077423734,75.00390181206336,5.618261723604206,4.472106983810472,1.146154739793734,0.043095700465100695,-0.00644325892472386,254.18359375
2025-09-23,255.63220171436936,257.0907792625319,253.33442606621003,254.18359375,60275200,AAPL,236.92082977294922,251.93939947815915,221.9022600677393,1.074713981287524,30.037139410419854,72.3248990439855,6.370035552132549,4.851692697474888,1.5183428546576607,-0.00644325892472386,-0.00833236483994404,252.06564331054688
2025-09-24,254.9728287261993,255.4923293909784,250.79686899703333,252.06564331054688,42303700,AAPL,238.06971588134766,254.00332384455976,222.13610791813556,0.9391951735449169,31.867215926424194,68.91872682143408,6.717485832280914,5.224851324436094,1.4926345078448202,-0.00833236483994404,0.018072960876120314,256.6212158203125
2025-09-25,252.96477212582877,256.9209435623003,251.466224879955,256.6212158203125,55202100,AAPL,239.38743743896484,256.81123682958673,221.96363804834294,0.9945470845647905,34.84759878124379,71.97591430471127,7.276559661298336,5.635192991808543,1.641366669489793,0.018072960876120314,-0.0054890828406448655,255.2126007080078
2025-09-26,253.8539172209246,257.3505275669758,253.5342198150173,255.2126007080078,46076300,AAPL,240.53132858276368,258.92953486493445,222.1331223005929,0.8989865071648689,36.79641256434155,69.69321943614703,7.519288553577724,6.0120121041623795,1.507276449415344,-0.0054890828406448655,-0.004031959845059219,254.18359375
2025-09-29,254.31347273152574,254.75304905914027,252.76497075706976,254.18359375,40127700,AAPL,241.6447494506836,260.51176891343613,222.7777299879311,0.8322953136310351,37.73403892550502,67.99669877974836,7.541684839441842,6.317946651218272,1.22373818822357,-0.004031959845059219,0.0007861004710238984,254.38340759277344
2025-09-30,254.61318058017173,255.67215158054225,252.8648753735947,254.38340759277344,37704300,AAPL,242.88904342651367,261.6697526315107,224.10833422151666,0.8060151786813634,37.56141840999402,68.15878652443061,7.489226226486039,6.552202566271826,0.937023660214213,0.0007861004710238984,0.003220330351537015,255.20260620117188
2025-10-01,254.7929996074261,258.53938316103813,254.6831055272507,255.20260620117188,48713900,AAPL,243.73722076416016,263.12375512437325,224.35068640394707,0.7957048749399502,38.77306872042618,68.8552346604985,7.428128042914437,6.727387661600349,0.7007403813140884,0.003220330351537015,0.006576638338942287,256.8809814453125
2025-10-02,256.33149581258533,257.9299523535748,253.9038565188199,256.8809814453125,42630200,AAPL,244.60388107299804,264.70051542784995,224.50724671814612,0.8054516531358997,40.19326870970383,70.28907213702962,7.42949554770675,6.867809238821629,0.5616863088851209,0.006576638338942287,0.0034612513299712155,257.7701110839844
2025-10-03,254.42336451804394,258.9889308017334,253.70406057825727,257.7701110839844,49155600,AAPL,245.51949310302734,266.2534017643787,224.785584441676,0.7954247117860747,41.46781732270267,71.04945498897595,7.416828059130864,6.977613002883476,0.439215056247388,0.0034612513299712155,-0.0051546117135026215,256.44140625
2025-10-06,257.7401350456914,258.819106172963,254.80299514816292,256.44140625,44664100,AAPL,246.45908203125,267.3835734224704,225.5345906400296,0.7385320635066528,41.84898278244083,68.23887426203407,7.216387583499937,7.0253679190067695,0.19101966449316787,-0.0051546117135026215,-0.0008180341665524615,256.23162841796875
2025-10-07,256.56129542181253,257.15072039039774,255.18262697514498,256.23162841796875,31955800,AAPL,247.56451110839845,268.09768977376103,227.03133244303586,0.7110515242384478,41.06635733072517,67.78297206876495,6.960374875723915,7.0123693103501985,-0.05199443462628395,-0.0008180341665524615,0.00616028826380699,257.8100891113281
2025-10-08,256.2715719294531,258.2696351050741,255.8619653198879,257.8100891113281,36496900,AAPL,249.1264976501465,267.6924800204165,230.56051527987645,0.7338575812472711,37.13196474054004,69.43754865759723,6.806391699862843,6.971173788252728,-0.1647820883898854,0.00616028826380699,-0.01557785637436715,253.79396057128906
2025-10-09,257.5603136690899,257.75013209688524,252.8948383011137,253.79396057128906,38322000,AAPL,250.32583465576172,266.71644819361563,233.93522111790782,0.605796098099615,32.78122707570782,60.87161438888596,6.287808966864731,6.834500823975129,-0.5466918571103987,-0.01557785637436715,-0.03452205816262133,245.032470703125
2025-10-10,254.69310389004832,256.13171175032437,243.76369637579657,245.032470703125,61999100,AAPL,250.88529205322266,265.6727713007833,236.097812805662,0.3021021280194482,29.574958495121336,47.19371110226145,5.110933742504244,6.489787407680952,-1.3788536651767078,-0.03452205816262133,0.009744341420789837,247.42015075683594
2025-10-13,249.13848619669534,249.44818352992385,245.32217845998096,247.42015075683594,38142900,AAPL,251.43276138305663,264.78627664284454,238.07924612326872,0.34975451975915056,26.707030519575824,50.460627788158284,4.321106448586164,6.056051215861995,-1.734944767275831,0.009744341420789837,0.00044415864468594357,247.53004455566406
2025-10-14,246.36117950382103,248.60900042906025,244.46301046499008,247.53004455566406,35478000,AAPL,251.9132957458496,263.9098176768762,239.91677381482305,0.3173115834994992,23.993043862053128,50.612072791616804,3.66181896922825,5.577204766535246,-1.915385797306996,0.00044415864468594357,0.006336529564029414,249.09852600097656
2025-10-15,249.24838988167792,251.5761352503302,247.2303418581919,249.09852600097656,33893600,AAPL,252.43029403686523,262.9099200652733,241.95066800845717,0.34103592881764344,20.959252056816126,52.828605032424306,3.2286740910755896,5.107498631443315,-1.8788245403677255,0.006336529564029414,-0.007580006053321764,247.21035766601562
2025-10-16,248.00958596667436,248.79881419551728,244.8926123625184,247.21035766601562,39777000,AAPL,252.90833053588867,261.3145433397045,244.50211773207283,0.16108561590978496,16.812425607631695,49.9238637900175,2.701898446530862,4.626378594460825,-1.9244801479299634,-0.007580006053321764,0.019559441912186948,252.045654296875
2025-10-17,247.77980070207627,253.13461023404025,247.03052706557392,252.045654296875,49147000,AAPL,253.24750137329102,260.9065196354821,245.58848311109992,0.4215403962183413,15.318036524382165,56.5174331151532,2.6441132887762535,4.229925533323911,-1.5858122445476575,0.019559441912186948,0.03943876231500254,261.98602294921875
2025-10-20,255.64218177653177,264.1239650925819,255.3824390623343,261.98602294921875,90483000,AAPL,253.55520324707032,262.0533371140834,245.0570693800573,0.9960394737292902,16.996267734026077,66.33199994312679,3.361671552958626,4.056274737250854,-0.6946031842922284,0.03943876231500254,0.0020210237725979407,262.5155029296875
2025-10-21,261.6263807259345,265.03308188579996,261.5764108568555,262.5155029296875,46695900,AAPL,253.9717987060547,263.32607533610553,244.61752207600387,0.9566736991819309,18.708553260101667,66.76234622872764,3.9277891480909375,4.030577619418871,-0.10278847132793345,0.0020210237725979407,-0.016440156296572916,258.19970703125
2025-10-22,262.3956210979312,262.5954395959732,255.18261234613632,258.19970703125,45015300,AAPL,254.27850189208985,263.76399502513806,244.79300875904164,0.7066948488686562,18.970986266096418,60.02723020993495,3.982287429893688,4.0209195815138346,-0.03863215162014644,-0.016440156296572916,0.004372103072468825,259.3285827636719
2025-10-23,259.68824995662277,260.36758405794774,257.76012648314656,259.3285827636719,32754900,AAPL,254.41387023925782,264.104292483487,244.7234479950287,0.7535860874040273,19.38084448845828,61.13176211472511,4.069656085973463,4.030666882405761,0.03898920356770219,0.004372103072468825,0.012481878875396424,262.56549072265625
2025-10-24,260.93706434715574,263.87421967110856,258.9290010880386,262.56549072265625,38253700,AAPL,254.78151473999023,265.1026494927442,244.46037998723628,0.8770891558502822,20.642269505507926,64.18750946635737,4.349944345032156,4.09452237493104,0.255421970101116,0.012481878875396424,0.02279111912415832,268.5496520996094
2025-10-27,264.6234656652487,268.8593494221352,264.3936774471076,268.5496520996094,44888200,AAPL,255.49981765747071,267.4288916210303,243.57074369391117,1.0469760050948942,23.85814792711912,69.0343663194547,4.997340391800549,4.275085978304942,0.722254413495607,0.02279111912415832,0.0007068314349076843,268.7394714355469
2025-10-28,268.7294713644567,269.6286240979669,267.8902885694659,268.7394714355469,41534800,AAPL,256.2176208496094,269.44827661883147,242.98696508038728,0.9732135278988416,26.461311538444193,69.17686939965567,5.462752051915544,4.512619193027063,0.9501328588884812,0.0007068314349076843,0.0026023003490212027,269.4388122558594
2025-10-29,269.01920560410514,271.1471476128123,266.85129379808274,269.4388122558594,51086700,AAPL,256.92943115234374,271.34391990318625,242.51494240150126,0.9339169192797239,28.82897750168499,69.72957755658271,5.820925104031488,4.774280375227948,1.0466447288035399,0.0026023003490212027,0.006303226049785504,271.13714599609375
2025-10-30,271.72657092903916,273.87451306817263,268.2199910571769,271.13714599609375,69886500,AAPL,257.6422393798828,273.3303388955225,241.9541398642431,0.9301001087721831,31.376199031279413,71.08555609001343,6.170689302442668,5.053562160670892,1.1171271417717756,0.006303226049785504,-0.0037950967413132863,270.108154296875
2025-10-31,276.721738255342,277.05143573891627,268.89933466249033,270.108154296875,86167100,AAPL,258.25914154052737,274.8624764470568,241.65580663399794,0.8568262889068115,33.20666981305885,69.06683010403094,6.292315028297878,5.30131273419629,0.9910022941015884,-0.0037950967413132863,-0.004882213161503057,268.7894287109375
2025-11-03,270.15812755648943,270.5877038096653,265.9921525413924,268.7894287109375,50194600,AAPL,258.87654266357424,276.07138347971426,241.68170184743423,0.7882517539231443,34.38968163228003,66.4619003999104,6.2107010627444765,5.4831903999059275,0.727510662838549,-0.004882213161503057,0.0036796245826942187,269.7784729003906
2025-11-04,268.0701070960229,271.22705027239556,267.36080327265466,269.7784729003906,49274800,AAPL,259.5538848876953,277.33586124136434,241.7719085340262,0.7874986393339132,35.56395270733813,67.45336790611344,6.154879389030839,5.61752819773091,0.5373511912999289,0.0036796245826942187,0.0003703577594871277,269.8783874511719
2025-11-05,268.3498399683747,271.43687417180433,266.67147434431234,269.8783874511719,43683100,AAPL,260.1572998046875,278.47267997243074,241.84191963694428,0.7653804495853435,36.63076033548646,67.55770753748084,6.0489737753399595,5.70381731325272,0.3451564620872398,0.0003703577594871277,-0.0013697259247742455,269.50872802734375
2025-11-06,267.6305743388968,273.1352174017799,267.6305743388968,269.50872802734375,51204000,AAPL,260.9430381774902,279.44641722694547,242.43965912803495,0.7314628540808528,37.006758098910524,66.7056603317383,5.86757661655497,5.73656917391317,0.13100744264179998,-0.0013697259247742455,-0.004818903572332056,268.2099914550781
2025-11-07,269.5386899523433,272.02629915101613,266.51162568814635,268.2099914550781,48227400,AAPL,262.1019142150879,279.33373222951144,244.8700962006644,0.6772325251716788,34.46363602884705,63.66750112211663,5.554986448020713,5.700252628734679,-0.1452661807139659,-0.004818903572332056,0.004548679242277531,269.42999267578125
2025-11-10,268.9599914550781,273.7300109863281,267.4599914550781,269.42999267578125,41312400,AAPL,263.20240631103513,279.318253536845,247.08655908522525,0.693213123625685,32.231694451619774,65.26781025611453,5.3440969666551155,5.629021496318767,-0.2849245296636518,0.004548679242277531,0.021601185771556786,275.25
2025-11-11,269.80999755859375,275.9100036621094,269.79998779296875,275.25,46208300,AAPL,264.58840408325193,279.8180098118293,249.35879835467455,0.8500286253879267,30.459211457154765,71.67691200316726,5.582242863623662,5.619665769779747,-0.03742290615608468,0.021601185771556786,-0.006466843884820661,273.4700012207031
2025-11-12,275.0,275.7300109863281,271.70001220703125,273.4700012207031,48398000,AAPL,265.8069778442383,279.727843174587,251.8861125138896,0.775235166586906,27.841730660697408,67.57013925084718,5.5632148989271855,5.6083755956092345,-0.04516069668204903,-0.006466843884820661,-0.0019014480979659965,272.95001220703125
2025-11-13,274.1099853515625,276.70001220703125,272.0899963378906,272.95001220703125,49602800,AAPL,267.0939605712891,278.41663361954886,255.7712875230293,0.758598460398104,22.645346096519575,66.37373813445191,5.443427883912818,5.575386053269952,-0.13195816935713367,-0.0019014480979659965,-0.0019784155368063328,272.4100036621094
2025-11-14,271.04998779296875,275.9599914550781,269.6000061035156,272.4100036621094,47431300,AAPL,268.11217803955077,277.30008401371447,258.9242720653871,0.7338849371469435,18.375811948327396,65.08491452853832,5.244466687552688,5.509202180126499,-0.264735492573811,-0.0019784155368063328,-0.018171183658773127,267.4599914550781
2025-11-17,268.82000732421875,270.489990234375,265.7300109863281,267.4599914550781,45018300,AAPL,268.38587646484376,277.1435637798873,259.6281891498002,0.44713872644349867,17.51537463008708,54.61588345643032,4.633946637563724,5.334151071613944,-0.70020443405022,-0.018171183658773127,-7.473646268785217e-05,267.44000244140625
2025-11-18,269.989990234375,270.7099914550781,265.32000732421875,267.44000244140625,45677300,AAPL,268.63210144042966,276.98322463427945,260.2809782465799,0.4286264271672258,16.702246387699574,54.577705629663846,4.101215889187529,5.087564035128662,-0.9863481459411334,-7.473646268785217e-05,0.004187836924032684,268.55999755859375
2025-11-19,265.5299987792969,272.2099914550781,265.5,268.55999755859375,40424500,AAPL,269.1501159667969,275.998617377541,262.30161455605275,0.45691623810741056,13.69700282148824,56.41605570948627,3.726441085543854,4.8153394452117,-1.088898359667846,0.004187836924032684,-0.008601420835542606,266.25
2025-11-20,270.8299865722656,275.42999267578125,265.9200134277344,266.25,45823600,AAPL,269.4961868286133,274.86391847610906,264.12845518111754,0.197620238697312,10.735463294991519,51.762799337425996,3.2060742280372665,4.4934864017768135,-1.287412173739547,-0.008601420835542606,0.019680714495305063,271.489990234375
2025-11-21,265.95001220703125,273.3299865722656,265.6700134277344,271.489990234375,59030800,AAPL,269.9424118041992,274.32467341502536,265.56015019337303,0.6765730309610667,8.764523221652325,59.852251269304304,3.179847857199775,4.230758692861406,-1.0509108356616315,0.019680714495305063,0.0163174457722548,275.9200134277344
2025-11-24,270.8999938964844,277.0,270.8999938964844,275.9200134277344,65585800,AAPL,270.3109298706055,275.35269373652,265.269166004691,1.0562620251862467,10.083527731829008,65.17024294401654,3.476454711914755,4.079897896672076,-0.603443184757321,0.0163174457722548,0.003805406428931457,276.9700012207031
2025-11-25,275.2699890136719,280.3800048828125,275.25,276.9700012207031,46914200,AAPL,270.72245635986326,276.4771689157354,264.96774380399114,1.0428198889330156,11.509425111744235,66.30933537900893,3.7529809922625077,4.014514515790163,-0.261533523527655,0.003805406428931457,0.0020940411225383038,277.54998779296875
2025-11-26,276.9599914550781,279.5299987792969,276.6300048828125,277.54998779296875,33431400,AAPL,271.1280151367188,277.56636069840107,264.6896695750365,0.9987284850373858,12.876691123364594,66.95227249202551,3.9731303573623222,4.006237684104595,-0.03310732674227257,0.0020940411225383038,0.004683906927485104,278.8500061035156
2025-11-28,277.260009765625,279.0,275.989990234375,278.8500061035156,20135600,AAPL,271.51365814208987,278.7788645180304,264.24845176614934,1.0048960471185533,14.530412751881045,68.4075904288993,4.204039379209348,4.0457980231255455,0.15824135608380274,0.004683906927485104,0.015241168753721723,283.1000061035156
2025-12-01,278.010009765625,283.4200134277344,276.1400146484375,283.1000061035156,46587700,AAPL,272.1632507324219,280.9694386225485,263.35706284229525,1.1209699081798983,17.612375780253274,72.64818349924366,4.676073064369177,4.1718530313742725,0.5042200329949047,0.015241168753721723,0.010914857899228636,286.19000244140625
2025-12-02,283.0,287.3999938964844,282.6300048828125,286.19000244140625,53669500,AAPL,273.0332794189453,283.59711220772454,262.4694466301661,1.122724880520442,21.127665577558446,75.24943684214071,5.2391068781082595,4.38530380072107,0.8538030773871892,0.010914857899228636,-0.00712816145749029,284.1499938964844
2025-12-03,286.20001220703125,288.6199951171875,283.29998779296875,284.1499938964844,43538700,AAPL,273.75185546875,285.24649213513726,262.2572188023628,0.9523039191895782,22.989273332774474,70.48355796004553,5.457789590381765,4.599800958653209,0.8579886317285554,-0.00712816145749029,-0.012141410394363561,280.70001220703125
2025-12-04,284.1000061035156,284.7300109863281,278.5899963378906,280.70001220703125,43989100,AAPL,274.29293670654295,286.02367504579473,262.56219836729116,0.7730891831015371,23.461476678503573,63.194242487891245,5.2917129528005376,4.738183357482676,0.5535295953178618,-0.012141410394363561,-0.00684009028940924,278.7799987792969
2025-12-05,280.5400085449219,281.1400146484375,278.04998779296875,278.7799987792969,47265800,AAPL,274.7565002441406,286.4269617620993,263.0860387261819,0.6723795810887523,23.3409230359174,59.50590101259453,4.948128043619306,4.7801722947100025,0.16795574890930354,-0.00684009028940924,-0.00319242461710445,277.8900146484375
2025-12-08,278.1300048828125,279.6700134277344,276.1499938964844,277.8900146484375,38211800,AAPL,275.2405014038086,286.58312326082415,263.89787954679304,0.6167945682236664,22.685243714031117,57.82127329731946,4.551552779051349,4.7344483915782725,-0.18289561252692366,-0.00319242461710445,-0.002555046727945598,277.17999267578125
2025-12-09,278.1600036621094,280.0299987792969,276.9200134277344,277.17999267578125,32193300,AAPL,275.6280014038086,286.675823294768,264.58017951284916,0.5702396946335043,22.095643781918852,56.44827873021763,4.132336186154532,4.614025950493525,-0.48168976433899235,-0.002555046727945598,0.00577244442526248,278.7799987792969
2025-12-10,277.75,279.75,276.44000244140625,278.7799987792969,33038300,AAPL,275.80450134277345,286.93500897267535,264.67399371287155,0.6336640490919663,22.2610152598038,58.82123130169547,3.8844338018445796,4.468107520763736,-0.5836737189191563,0.00577244442526248,-0.0026902934331158868,278.0299987792969
2025-12-11,279.1000061035156,279.5899963378906,273.80999755859375,278.0299987792969,33248000,AAPL,276.0325012207031,287.1491938010512,264.91580864035507,0.5898422594740499,22.233385160696116,57.246674597677654,3.5861121753698626,4.291708451684961,-0.7055962763150987,-0.0026902934331158868,0.0008991835452922814,278.2799987792969
2025-12-12,277.8999938964844,279.2200012207031,276.82000732421875,278.2799987792969,39532900,AAPL,276.2990005493164,287.36275523335814,265.2352458652747,0.5895264892685046,22.12750936808345,57.653590085309716,3.3314600500649476,4.099658771360959,-0.7681987212960113,0.0008991835452922814,-0.014984955605960026,274.1099853515625
2025-12-15,280.1499938964844,280.1499938964844,272.8399963378906,274.1099853515625,50409100,AAPL,276.3839996337891,287.35264888885547,265.4153503787227,0.3963402772143429,21.93729851013279,49.23581067556699,2.761330276174135,3.831993072323594,-1.0706627961494588,-0.014984955605960026,0.0018240853187405648,274.6099853515625
2025-12-16,272.82000732421875,275.5,271.7900085449219,274.6099853515625,37648600,AAPL,276.74149932861326,286.96411559322183,266.5188830640047,0.3957451829415621,20.44523252921715,50.175175294493435,2.3230652934827845,3.530207516555432,-1.2071422230726476,0.0018240853187405648,-0.010086993049891024,271.8399963378906
2025-12-17,275.010009765625,276.1600036621094,271.6400146484375,271.8399963378906,50138700,AAPL,276.9614990234375,286.54323484089855,267.3797632059765,0.23274661381219447,19.163471634922075,45.18657308238693,1.7322538296741072,3.1706167791791673,-1.43836294950506,-0.010086993049891024,0.001287544541755281,272.19000244140625
2025-12-18,273.6099853515625,273.6300048828125,266.95001220703125,272.19000244140625,51630700,AAPL,277.14299926757815,286.20469240268466,268.08130613247164,0.2267068773834791,18.123386270213018,45.91825600559047,1.2775472856066585,2.7920028804646657,-1.5144555948580072,0.001287544541755281,0.005437418615868328,273.6700134277344
2025-12-19,272.1499938964844,274.6000061035156,269.8999938964844,273.6700134277344,144632000,AAPL,277.51399993896484,285.2757366004484,269.7522632774813,0.25237587418382335,15.523473322967106,49.01733403231742,1.0248003307810905,2.4385623705279507,-1.4137620397468602,0.005437418615868328,-0.009865941003960987,270.9700012207031
2025-12-22,272.8599853515625,273.8800048828125,270.510009765625,270.9700012207031,36571800,AAPL,277.4880004882813,285.3333110224283,269.64268995413426,0.08459265320293545,15.690621068294035,44.05729469669369,0.5997149869148757,2.070792893805336,-1.4710779068904603,-0.009865941003960987,0.005129660569795913,272.3599853515625
2025-12-23,270.8399963378906,272.5,269.55999755859375,272.3599853515625,29642000,AAPL,277.3099990844727,285.44570744590266,269.1742907230427,0.19578471148392187,16.271416722859954,47.02897838458887,0.3707184802287884,1.7307780110900266,-1.3600595308612382,0.005129660569795913,0.005323881205087977,273.80999755859375
2025-12-24,272.3399963378906,275.42999267578125,272.20001220703125,273.80999755859375,17910600,AAPL,277.15199890136716,285.42948503772243,268.8745127650119,0.2981270347228294,16.55497227271053,50.012097077250566,0.3027510401640825,1.4451726169048378,-1.1424215767407553,0.005323881205087977,-0.0014974020881820538,273.3999938964844
2025-12-26,274.1600036621094,275.3699951171875,272.8599853515625,273.3999938964844,21521800,AAPL,276.94449920654296,285.378263581003,268.5107348320829,0.28986220430864784,16.86752874892011,49.16891079374386,0.2133431976640736,1.198806733056685,-0.9854635353926113,-0.0014974020881820538,0.0013168100847762432,273.760009765625
2025-12-29,272.69000244140625,274.3599853515625,272.3500061035156,273.760009765625,23715200,AAPL,276.68999938964845,285.18536896310997,268.19462981618693,0.3275537280228294,16.990739146923033,49.96658799590123,0.16958227133295622,0.9929618407119393,-0.823379569378983,0.0013168100847762432,-0.0024840121606569676,273.0799865722656
2025-12-30,272.80999755859375,274.0799865722656,272.2799987792969,273.0799865722656,22139600,AAPL,276.1889984130859,284.2856704188917,268.09232640728015,0.30800680584621903,16.193344011611543,48.42091534220549,0.07911721936585536,0.8101929164427225,-0.7310756970768671,-0.0024840121606569676,-0.004467559984957958,271.8599853515625
2025-12-31,273.05999755859375,273.67999267578125,271.75,271.8599853515625,27293600,AAPL,275.4724975585938,282.3461180146649,268.59887710252264,0.23721910962944462,13.747240912142274,45.69016629357858,-0.08998361353468454,0.6301576104472412,-0.7201412239819257,-0.004467559984957958,-0.0031265196488491354,271.010009765625
