symbol,date,close,rsi,bb_position,macd_hist,recommendation
AAPL,2026-09-29,329.4,50.9,INSIDE,-0.2899,HOLD
MSFT,2026-09-29,508.96,58.46,INSIDE,-0.3606,HOLD
GOOGL,2026-09-29,340.92,47.41,INSIDE,0.002,HOLD
AMZN,2026-09-29,246.67,41.93,INSIDE,-0.657,HOLD
META,2026-09-29,738.79,64.56,INSIDE,5.5511,HOLD
NVDA,2026-09-29,227.21,56.71,INSIDE,0.4998,HOLD
TSLA,2026-09-29,352.84,44.8,INSIDE,-1.4985,HOLD
INTC,2026-09-29,115.93,58.41,INSIDE,1.3385,HOLD
AMD,2026-09-29,607.57,65.52,INSIDE,8.5878,HOLD
IBM,2026-09-29,219.99,37.23,INSIDE,-1.9838,HOLD
ORCL,2026-09-29,137.79,43.08,INSIDE,-1.8165,HOLD
NFLX,2026-09-29,70.3,37.14,INSIDE,-0.7932,HOLD
PLTR,2026-09-29,186.97,60.37,INSIDE,0.4917,HOLD
SNOW,2026-09-29,330.31,51.38,INSIDE,-1.5668,HOLD
SHOP,2026-09-29,148.26,58.42,INSIDE,1.4626,HOLD
COIN,2026-09-29,190.02,53.91,INSIDE,0.1859,HOLD
ROKU,2026-09-29,152.14,42.96,INSIDE,-0.6107,HOLD
U,2026-09-29,39.72,41.17,INSIDE,-0.5137,HOLD
CRWD,2026-09-29,262.74,66.01,INSIDE,2.289,HOLD
ZS,2026-09-29,198.35,56.22,INSIDE,0.311,HOLD
RIVN,2026-09-29,14.97,42.65,INSIDE,-0.0467,HOLD
LCID,2026-09-29,4.07,37.21,INSIDE,0.0509,HOLD
BTC-USD,2026-09-29,83622.43,61.26,INSIDE,-34.0997,HOLD
