symbol,date,close,rsi,bb_position,macd_hist,recommendation
AAPL,2025-12-09,277.18,56.45,INSIDE,-0.4817,HOLD
TSLA,2025-12-09,445.17,55.79,INSIDE,3.8198,HOLD
MSFT,2025-12-09,492.02,48.79,INSIDE,1.456,HOLD
BTC-USD,2025-12-10,92020.95,48.38,INSIDE,888.3045,HOLD
GOOGL,2025-12-09,317.08,64.38,INSIDE,-0.6515,HOLD
AAPL,2025-12-09,277.18,56.45,INSIDE,-0.4817,HOLD
TSLA,2025-12-09,445.17,55.79,INSIDE,3.8198,HOLD
MSFT,2025-12-09,492.02,48.79,INSIDE,1.456,HOLD
BTC-USD,2025-12-09,92691.71,49.82,INSIDE,884.9958,HOLD
GOOGL,2025-12-09,317.08,64.38,INSIDE,-0.6515,HOLD
AAPL,2025-12-09,277.18,56.45,INSIDE,-0.4817,HOLD
TSLA,2025-12-09,445.17,55.79,INSIDE,3.8198,HOLD
MSFT,2025-12-09,492.02,48.79,INSIDE,1.456,HOLD
BTC-USD,2025-12-09,92691.71,49.82,INSIDE,884.9958,HOLD
GOOGL,2025-12-09,317.08,64.38,INSIDE,-0.6515,HOLD
AAPL,2025-12-09,277.18,56.45,INSIDE,-0.4817,HOLD
TSLA,2025-12-09,445.17,55.79,INSIDE,3.8198,HOLD
MSFT,2025-12-09,492.02,48.79,INSIDE,1.456,HOLD
BTC-USD,2025-12-09,92691.71,49.82,INSIDE,884.9958,HOLD
GOOGL,2025-12-09,317.08,64.38,INSIDE,-0.6515,HOLD
AAPL,2025-12-10,278.78,58.82,INSIDE,-0.5837,HOLD
TSLA,2025-12-10,451.45,58.05,INSIDE,3.7518,HOLD
MSFT,2025-12-10,478.56,40.8,INSIDE,0.934,HOLD
BTC-USD,2025-12-10,92020.95,48.38,INSIDE,888.3045,HOLD
GOOGL,2025-12-10,320.21,66.1,INSIDE,-0.7684,HOLD
AAPL,2025-12-11,278.03,57.25,INSIDE,-0.7056,HOLD
TSLA,2025-12-11,446.89,55.82,INSIDE,3.2068,HOLD
MSFT,2025-12-11,483.47,44.38,INSIDE,0.9349,HOLD
BTC-USD,2025-12-11,92511.34,49.53,INSIDE,897.1856,HOLD
GOOGL,2025-12-11,312.43,58.51,INSIDE,-1.4147,HOLD
AAPL,2025-12-11,278.03,57.25,INSIDE,-0.7056,HOLD
TSLA,2025-12-11,446.89,55.82,INSIDE,3.2068,HOLD
MSFT,2025-12-11,483.47,44.38,INSIDE,0.9349,HOLD
BTC-USD,2025-12-12,90270.41,44.66,INSIDE,732.7428,HOLD
GOOGL,2025-12-11,312.43,58.51,INSIDE,-1.4147,HOLD
AAPL,2025-12-11,278.03,57.25,INSIDE,-0.7056,HOLD
TSLA,2025-12-11,446.89,55.82,INSIDE,3.2068,HOLD
MSFT,2025-12-11,483.47,44.38,INSIDE,0.9349,HOLD
BTC-USD,2025-12-13,90298.71,44.73,INSIDE,611.4305,HOLD
GOOGL,2025-12-11,312.43,58.51,INSIDE,-1.4147,HOLD
AAPL,2025-12-11,278.03,57.25,INSIDE,-0.7056,HOLD
TSLA,2025-12-11,446.89,55.82,INSIDE,3.2068,HOLD
MSFT,2025-12-11,483.47,44.38,INSIDE,0.9349,HOLD
BTC-USD,2025-12-14,88175.18,40.37,INSIDE,384.7927,HOLD
GOOGL,2025-12-11,312.43,58.51,INSIDE,-1.4147,HOLD
AAPL,2025-12-15,274.11,49.24,INSIDE,-1.0707,HOLD
TSLA,2025-12-15,475.31,65.19,INSIDE,4.4279,HOLD
MSFT,2025-12-15,474.82,39.68,INSIDE,0.2337,HOLD
BTC-USD,2025-12-15,86419.78,37.15,BELOW,126.6361,HOLD
GOOGL,2025-12-15,308.22,54.77,INSIDE,-2.5328,HOLD
AAPL,2025-12-16,274.61,50.18,INSIDE,-1.2071,HOLD
TSLA,2025-12-16,489.88,68.95,ABOVE,5.7015,HOLD
MSFT,2025-12-16,476.39,40.95,INSIDE,0.1311,HOLD
BTC-USD,2025-12-16,87843.98,41.25,INSIDE,64.8832,HOLD
GOOGL,2025-12-16,306.57,53.25,INSIDE,-2.9051,HOLD
AAPL,2025-12-17,271.84,45.19,INSIDE,-1.4384,HOLD
TSLA,2025-12-17,467.26,58.42,INSIDE,4.7043,HOLD
MSFT,2025-12-17,476.12,40.79,INSIDE,0.1021,HOLD
BTC-USD,2025-12-17,86143.76,38.06,INSIDE,-70.0722,HOLD
GOOGL,2025-12-17,296.72,45.2,INSIDE,-3.7112,HOLD
AAPL,2025-12-18,272.19,45.92,INSIDE,-1.5145,HOLD
TSLA,2025-12-18,483.37,62.78,INSIDE,4.7972,HOLD
MSFT,2025-12-18,483.98,47.24,INSIDE,0.6392,HOLD
BTC-USD,2025-12-18,85462.51,36.83,INSIDE,-178.6465,HOLD
GOOGL,2025-12-18,302.46,49.95,INSIDE,-3.7435,HOLD
AAPL,2025-12-18,272.19,45.92,INSIDE,-1.5145,HOLD
TSLA,2025-12-18,483.37,62.78,INSIDE,4.7972,HOLD
MSFT,2025-12-18,483.98,47.24,INSIDE,0.6392,HOLD
BTC-USD,2025-12-19,88103.38,44.33,INSIDE,-52.5766,HOLD
GOOGL,2025-12-18,302.46,49.95,INSIDE,-3.7435,HOLD
AAPL,2025-12-18,272.19,45.92,INSIDE,-1.5145,HOLD
TSLA,2025-12-18,483.37,62.78,INSIDE,4.7972,HOLD
MSFT,2025-12-18,483.98,47.24,INSIDE,0.6392,HOLD
BTC-USD,2025-12-20,88344.0,44.98,INSIDE,60.896,HOLD
GOOGL,2025-12-18,302.46,49.95,INSIDE,-3.7435,HOLD
AAPL,2025-12-18,272.19,45.92,INSIDE,-1.5145,HOLD
MSFT,2025-12-18,483.98,47.24,INSIDE,0.6392,HOLD
GOOGL,2025-12-18,302.46,49.95,INSIDE,-3.7435,HOLD
AMZN,2025-12-18,226.76,47.71,INSIDE,-0.6456,HOLD
META,2025-12-18,664.45,55.97,INSIDE,3.4103,HOLD
NVDA,2025-12-18,174.14,41.54,INSIDE,-0.7247,HOLD
TSLA,2025-12-18,483.37,62.78,INSIDE,4.7972,HOLD
INTC,2025-12-18,36.28,42.78,INSIDE,-0.5647,HOLD
AMD,2025-12-18,201.06,37.89,INSIDE,-1.6836,HOLD
IBM,2025-12-18,300.45,45.63,INSIDE,-1.1493,HOLD
ORCL,2025-12-18,180.03,30.13,INSIDE,-1.2737,HOLD
NFLX,2025-12-18,94.0,32.22,INSIDE,-0.3867,HOLD
PLTR,2025-12-18,185.69,55.92,INSIDE,1.15,HOLD
SNOW,2025-12-18,221.31,39.71,INSIDE,-1.6888,HOLD
SHOP,2025-12-18,166.8,57.66,INSIDE,0.7308,HOLD
COIN,2025-12-18,239.2,33.69,INSIDE,-0.6901,HOLD
ROKU,2025-12-18,110.87,65.13,INSIDE,1.3195,HOLD
U,2025-12-18,44.54,53.1,INSIDE,-0.3789,HOLD
CRWD,2025-12-18,477.26,36.76,INSIDE,-4.5076,HOLD
ZS,2025-12-18,231.09,29.04,INSIDE,-0.0799,HOLD
RIVN,2025-12-18,20.1,68.16,ABOVE,0.1092,HOLD
LCID,2025-12-18,11.45,33.83,INSIDE,0.0306,HOLD
BTC-USD,2025-12-21,88621.75,45.75,INSIDE,162.7554,HOLD
AAPL,2025-12-19,273.67,49.02,INSIDE,-1.4138,HOLD
MSFT,2025-12-19,485.92,48.72,INSIDE,1.1238,HOLD
GOOGL,2025-12-19,307.16,53.5,INSIDE,-3.3471,HOLD
AMZN,2025-12-19,227.35,48.49,INSIDE,-0.3606,HOLD
META,2025-12-19,658.77,53.46,INSIDE,3.1089,HOLD
NVDA,2025-12-19,180.99,49.64,INSIDE,-0.2183,HOLD
TSLA,2025-12-19,481.2,61.84,INSIDE,4.3908,HOLD
INTC,2025-12-19,36.82,45.07,INSIDE,-0.5363,HOLD
AMD,2025-12-19,213.43,47.5,INSIDE,-0.8607,HOLD
IBM,2025-12-19,300.98,46.38,INSIDE,-1.3097,HOLD
ORCL,2025-12-19,191.97,39.43,INSIDE,-0.4845,HOLD
NFLX,2025-12-19,94.39,33.38,INSIDE,-0.2088,HOLD
PLTR,2025-12-19,193.38,61.24,INSIDE,1.5475,HOLD
SNOW,2025-12-19,222.46,40.7,INSIDE,-0.9856,HOLD
SHOP,2025-12-19,169.57,60.03,INSIDE,0.9441,HOLD
COIN,2025-12-19,245.12,37.42,INSIDE,-0.6949,HOLD
ROKU,2025-12-19,108.82,60.63,INSIDE,1.0815,HOLD
U,2025-12-19,46.42,58.36,INSIDE,-0.3151,HOLD
CRWD,2025-12-19,481.28,38.97,INSIDE,-4.1163,HOLD
ZS,2025-12-19,232.55,30.62,INSIDE,0.4753,HOLD
RIVN,2025-12-19,20.12,68.23,INSIDE,0.1736,HOLD
LCID,2025-12-19,11.82,37.48,INSIDE,0.0618,HOLD
BTC-USD,2025-12-21,88621.75,45.75,INSIDE,162.7554,HOLD
AAPL,2025-12-22,270.97,44.06,INSIDE,-1.4711,HOLD
MSFT,2025-12-22,484.92,47.97,INSIDE,1.3599,HOLD
GOOGL,2025-12-22,309.78,55.4,INSIDE,-2.8277,HOLD
AMZN,2025-12-22,228.43,49.98,INSIDE,-0.0823,HOLD
META,2025-12-22,661.5,54.52,INSIDE,2.9403,HOLD
NVDA,2025-12-22,183.69,52.44,INSIDE,0.3045,HOLD
TSLA,2025-12-22,488.73,63.86,INSIDE,4.3019,HOLD
INTC,2025-12-22,36.37,43.51,INSIDE,-0.5229,HOLD
AMD,2025-12-22,214.95,48.55,INSIDE,-0.1621,HOLD
IBM,2025-12-22,302.79,49.0,INSIDE,-1.2485,HOLD
ORCL,2025-12-22,198.38,43.76,INSIDE,0.5591,HOLD
NFLX,2025-12-22,93.23,31.65,INSIDE,-0.1214,HOLD
PLTR,2025-12-22,193.98,61.63,INSIDE,1.7399,HOLD
SNOW,2025-12-22,226.84,44.43,INSIDE,-0.14,HOLD
SHOP,2025-12-22,169.67,60.11,INSIDE,1.0192,HOLD
COIN,2025-12-22,247.9,39.16,INSIDE,-0.3783,HOLD
ROKU,2025-12-22,109.8,61.98,INSIDE,0.9204,HOLD
U,2025-12-22,46.24,57.7,INSIDE,-0.2864,HOLD
CRWD,2025-12-22,483.14,40.02,INSIDE,-3.4875,HOLD
ZS,2025-12-22,232.05,30.37,INSIDE,0.9207,HOLD
RIVN,2025-12-22,20.19,68.47,INSIDE,0.2047,HOLD
LCID,2025-12-22,12.3,41.95,INSIDE,0.1192,HOLD
BTC-USD,2025-12-22,88490.02,45.42,INSIDE,225.4928,HOLD
AAPL,2025-12-23,272.36,47.03,INSIDE,-1.3601,HOLD
MSFT,2025-12-23,486.85,49.58,INSIDE,1.6118,HOLD
GOOGL,2025-12-23,314.35,58.58,INSIDE,-2.1277,HOLD
AMZN,2025-12-23,232.14,54.81,INSIDE,0.3451,HOLD
META,2025-12-23,664.94,55.88,INSIDE,2.9024,HOLD
NVDA,2025-12-23,189.21,57.62,ABOVE,0.9895,HOLD
TSLA,2025-12-23,485.56,62.36,INSIDE,3.7239,HOLD
INTC,2025-12-23,36.35,43.44,INSIDE,-0.491,HOLD
AMD,2025-12-23,214.9,48.52,INSIDE,0.3221,HOLD
IBM,2025-12-23,303.78,50.42,INSIDE,-1.1011,HOLD
ORCL,2025-12-23,195.34,42.22,INSIDE,1.103,HOLD
NFLX,2025-12-23,93.5,32.53,INSIDE,-0.0037,HOLD
PLTR,2025-12-23,194.13,61.74,INSIDE,1.761,HOLD
SNOW,2025-12-23,225.1,43.27,INSIDE,0.3603,HOLD
SHOP,2025-12-23,169.53,59.92,INSIDE,0.9863,HOLD
COIN,2025-12-23,242.3,36.94,INSIDE,-0.4107,HOLD
ROKU,2025-12-23,110.35,62.76,INSIDE,0.7863,HOLD
U,2025-12-23,45.2,53.86,INSIDE,-0.3356,HOLD
CRWD,2025-12-23,478.84,38.38,INSIDE,-3.1281,HOLD
ZS,2025-12-23,229.32,28.99,INSIDE,1.1296,HOLD
RIVN,2025-12-23,20.28,68.76,INSIDE,0.2111,HOLD
LCID,2025-12-23,11.63,37.88,INSIDE,0.1163,HOLD
BTC-USD,2025-12-23,87414.0,42.73,INSIDE,199.6449,HOLD
AAPL,2025-12-23,272.36,47.03,INSIDE,-1.3601,HOLD
MSFT,2025-12-23,486.85,49.58,INSIDE,1.6118,HOLD
GOOGL,2025-12-23,314.35,58.58,INSIDE,-2.1277,HOLD
AMZN,2025-12-23,232.14,54.81,INSIDE,0.3451,HOLD
META,2025-12-23,664.94,55.88,INSIDE,2.9024,HOLD
NVDA,2025-12-23,189.21,57.62,ABOVE,0.9895,HOLD
TSLA,2025-12-23,485.56,62.36,INSIDE,3.7239,HOLD
INTC,2025-12-23,36.35,43.44,INSIDE,-0.491,HOLD
AMD,2025-12-23,214.9,48.52,INSIDE,0.3221,HOLD
IBM,2025-12-23,303.78,50.42,INSIDE,-1.1011,HOLD
ORCL,2025-12-23,195.34,42.22,INSIDE,1.103,HOLD
NFLX,2025-12-23,93.5,32.53,INSIDE,-0.0037,HOLD
PLTR,2025-12-23,194.13,61.74,INSIDE,1.761,HOLD
SNOW,2025-12-23,225.1,43.27,INSIDE,0.3603,HOLD
SHOP,2025-12-23,169.53,59.92,INSIDE,0.9863,HOLD
COIN,2025-12-23,242.3,36.94,INSIDE,-0.4107,HOLD
ROKU,2025-12-23,110.35,62.76,INSIDE,0.7863,HOLD
U,2025-12-23,45.2,53.86,INSIDE,-0.3356,HOLD
CRWD,2025-12-23,478.84,38.38,INSIDE,-3.1281,HOLD
ZS,2025-12-23,229.32,28.99,INSIDE,1.1296,HOLD
RIVN,2025-12-23,20.28,68.76,INSIDE,0.2111,HOLD
LCID,2025-12-23,11.63,37.88,INSIDE,0.1163,HOLD
BTC-USD,2025-12-24,87611.96,43.4,INSIDE,200.4755,HOLD
AAPL,2025-12-24,273.81,50.01,INSIDE,-1.1424,HOLD
MSFT,2025-12-24,488.02,50.58,INSIDE,1.8081,HOLD
GOOGL,2025-12-24,314.09,58.33,INSIDE,-1.6546,HOLD
AMZN,2025-12-24,232.38,55.11,INSIDE,0.6214,HOLD
META,2025-12-24,667.55,56.93,INSIDE,2.8888,HOLD
NVDA,2025-12-24,188.61,56.89,INSIDE,1.3475,HOLD
TSLA,2025-12-24,485.4,62.28,INSIDE,3.0533,HOLD
INTC,2025-12-24,36.16,42.71,INSIDE,-0.4587,HOLD
AMD,2025-12-24,215.04,48.63,INSIDE,0.6578,HOLD
IBM,2025-12-24,304.56,51.56,INSIDE,-0.9183,HOLD
ORCL,2025-12-24,197.49,43.73,INSIDE,1.634,HOLD
NFLX,2025-12-24,93.64,33.01,INSIDE,0.1185,HOLD
PLTR,2025-12-24,194.17,61.77,INSIDE,1.6626,HOLD
SNOW,2025-12-24,221.93,41.15,INSIDE,0.5258,HOLD
SHOP,2025-12-24,169.45,59.8,INSIDE,0.8889,HOLD
COIN,2025-12-24,239.73,35.93,INSIDE,-0.4659,HOLD
ROKU,2025-12-24,110.68,63.24,INSIDE,0.6604,HOLD
U,2025-12-24,45.44,54.61,INSIDE,-0.3485,HOLD
CRWD,2025-12-24,477.11,37.71,INSIDE,-2.7851,HOLD
ZS,2025-12-24,229.6,29.34,INSIDE,1.3689,HOLD
RIVN,2025-12-24,20.27,68.74,INSIDE,0.1879,HOLD
LCID,2025-12-24,11.81,39.57,INSIDE,0.1298,HOLD
BTC-USD,2025-12-25,87234.74,42.39,INSIDE,180.8206,HOLD
AAPL,2025-12-24,273.81,50.01,INSIDE,-1.1424,HOLD
MSFT,2025-12-24,488.02,50.58,INSIDE,1.8081,HOLD
GOOGL,2025-12-24,314.09,58.33,INSIDE,-1.6546,HOLD
AMZN,2025-12-24,232.38,55.11,INSIDE,0.6214,HOLD
META,2025-12-24,667.55,56.93,INSIDE,2.8888,HOLD
NVDA,2025-12-24,188.61,56.89,INSIDE,1.3475,HOLD
TSLA,2025-12-24,485.4,62.28,INSIDE,3.0533,HOLD
INTC,2025-12-24,36.16,42.71,INSIDE,-0.4587,HOLD
AMD,2025-12-24,215.04,48.63,INSIDE,0.6578,HOLD
IBM,2025-12-24,304.56,51.56,INSIDE,-0.9183,HOLD
ORCL,2025-12-24,197.49,43.73,INSIDE,1.634,HOLD
NFLX,2025-12-24,93.64,33.01,INSIDE,0.1185,HOLD
PLTR,2025-12-24,194.17,61.77,INSIDE,1.6626,HOLD
SNOW,2025-12-24,221.93,41.15,INSIDE,0.5258,HOLD
SHOP,2025-12-24,169.45,59.8,INSIDE,0.8889,HOLD
COIN,2025-12-24,239.73,35.93,INSIDE,-0.4659,HOLD
ROKU,2025-12-24,110.68,63.24,INSIDE,0.6604,HOLD
U,2025-12-24,45.44,54.61,INSIDE,-0.3485,HOLD
CRWD,2025-12-24,477.11,37.71,INSIDE,-2.7851,HOLD
ZS,2025-12-24,229.6,29.34,INSIDE,1.3689,HOLD
RIVN,2025-12-24,20.28,68.76,INSIDE,0.1888,HOLD
LCID,2025-12-24,11.81,39.57,INSIDE,0.1298,HOLD
BTC-USD,2025-12-26,87301.43,42.64,INSIDE,177.2731,HOLD
AAPL,2025-12-24,273.81,50.01,INSIDE,-1.1424,HOLD
MSFT,2025-12-24,488.02,50.58,INSIDE,1.8081,HOLD
GOOGL,2025-12-24,314.09,58.33,INSIDE,-1.6546,HOLD
AMZN,2025-12-24,232.38,55.11,INSIDE,0.6214,HOLD
META,2025-12-24,667.55,56.93,INSIDE,2.8888,HOLD
NVDA,2025-12-24,188.61,56.89,INSIDE,1.3475,HOLD
TSLA,2025-12-24,485.4,62.28,INSIDE,3.0533,HOLD
INTC,2025-12-24,36.16,42.71,INSIDE,-0.4587,HOLD
AMD,2025-12-24,215.04,48.63,INSIDE,0.6578,HOLD
IBM,2025-12-24,304.56,51.56,INSIDE,-0.9183,HOLD
ORCL,2025-12-24,197.49,43.73,INSIDE,1.634,HOLD
NFLX,2025-12-24,93.64,33.01,INSIDE,0.1185,HOLD
PLTR,2025-12-24,194.17,61.77,INSIDE,1.6626,HOLD
SNOW,2025-12-24,221.93,41.15,INSIDE,0.5258,HOLD
SHOP,2025-12-24,169.45,59.8,INSIDE,0.8889,HOLD
COIN,2025-12-24,239.73,35.93,INSIDE,-0.4659,HOLD
ROKU,2025-12-24,110.68,63.24,INSIDE,0.6604,HOLD
U,2025-12-24,45.44,54.61,INSIDE,-0.3485,HOLD
CRWD,2025-12-24,477.11,37.71,INSIDE,-2.7851,HOLD
ZS,2025-12-24,229.6,29.34,INSIDE,1.3689,HOLD
RIVN,2025-12-24,20.28,68.76,INSIDE,0.1888,HOLD
LCID,2025-12-24,11.81,39.57,INSIDE,0.1298,HOLD
BTC-USD,2025-12-27,87802.16,44.62,INSIDE,211.3026,HOLD
AAPL,2025-12-26,273.4,49.17,INSIDE,-0.9855,HOLD
MSFT,2025-12-26,487.71,50.3,INSIDE,1.8608,HOLD
GOOGL,2025-12-26,313.51,57.72,INSIDE,-1.365,HOLD
AMZN,2025-12-26,232.52,55.3,INSIDE,0.7807,HOLD
META,2025-12-26,663.29,54.64,INSIDE,2.4461,HOLD
NVDA,2025-12-26,190.53,58.69,INSIDE,1.6394,HOLD
TSLA,2025-12-26,475.19,57.27,INSIDE,1.7115,HOLD
INTC,2025-12-26,36.2,42.93,INSIDE,-0.4123,HOLD
AMD,2025-12-26,214.99,48.59,INSIDE,0.8694,HOLD
IBM,2025-12-26,305.09,52.37,INSIDE,-0.7367,HOLD
ORCL,2025-12-26,197.99,44.1,INSIDE,2.0199,HOLD
NFLX,2025-12-26,94.47,35.92,INSIDE,0.2809,HOLD
PLTR,2025-12-26,188.71,55.45,INSIDE,1.1397,HOLD
SNOW,2025-12-26,223.88,43.0,INSIDE,0.7985,HOLD
SHOP,2025-12-26,170.83,61.24,INSIDE,0.8473,HOLD
COIN,2025-12-26,236.9,34.81,INSIDE,-0.5481,HOLD
ROKU,2025-12-26,112.08,65.29,INSIDE,0.613,HOLD
U,2025-12-26,45.15,53.48,INSIDE,-0.371,HOLD
CRWD,2025-12-26,481.19,40.35,INSIDE,-2.0932,HOLD
ZS,2025-12-26,230.52,30.57,INSIDE,1.6523,HOLD
RIVN,2025-12-26,20.55,69.68,INSIDE,0.1872,HOLD
LCID,2025-12-26,11.41,37.15,INSIDE,0.1156,HOLD
BTC-USD,2025-12-28,87835.84,44.75,INSIDE,236.8134,HOLD
AAPL,2025-12-29,273.76,49.97,INSIDE,-0.8234,HOLD
MSFT,2025-12-29,487.1,49.71,INSIDE,1.7973,HOLD
GOOGL,2025-12-29,313.56,57.76,INSIDE,-1.1624,HOLD
AMZN,2025-12-29,232.07,54.51,INSIDE,0.8189,HOLD
META,2025-12-29,658.69,52.2,INSIDE,1.7305,HOLD
NVDA,2025-12-29,188.22,55.68,INSIDE,1.6009,HOLD
TSLA,2025-12-29,459.64,50.58,INSIDE,-0.3253,HOLD
INTC,2025-12-29,36.68,45.57,INSIDE,-0.3305,HOLD
AMD,2025-12-29,215.61,49.15,INSIDE,1.0327,HOLD
IBM,2025-12-29,305.74,53.39,INSIDE,-0.5561,HOLD
ORCL,2025-12-29,195.38,42.54,INSIDE,2.0917,HOLD
NFLX,2025-12-29,94.15,35.28,INSIDE,0.3859,HOLD
PLTR,2025-12-29,184.18,50.81,INSIDE,0.4348,HOLD
SNOW,2025-12-29,222.9,42.28,INSIDE,0.9351,HOLD
SHOP,2025-12-29,167.88,56.57,INSIDE,0.5647,HOLD
COIN,2025-12-29,233.77,33.56,INSIDE,-0.6607,HOLD
ROKU,2025-12-29,111.24,63.02,INSIDE,0.4729,HOLD
U,2025-12-29,45.05,53.08,INSIDE,-0.3855,HOLD
CRWD,2025-12-29,475.91,38.1,INSIDE,-1.8116,HOLD
ZS,2025-12-29,228.02,29.09,INSIDE,1.7265,HOLD
RIVN,2025-12-29,20.67,69.13,INSIDE,0.1636,HOLD
LCID,2025-12-29,11.11,35.39,INSIDE,0.0908,HOLD
BTC-USD,2025-12-29,87138.14,42.4,INSIDE,208.4331,HOLD
AAPL,2025-12-30,273.08,48.42,INSIDE,-0.7311,HOLD
MSFT,2025-12-30,487.48,50.1,INSIDE,1.7234,HOLD
GOOGL,2025-12-30,313.85,58.02,INSIDE,-1.007,HOLD
AMZN,2025-12-30,232.53,55.22,INSIDE,0.8353,HOLD
META,2025-12-30,665.95,55.57,INSIDE,1.6342,HOLD
NVDA,2025-12-30,187.54,54.8,INSIDE,1.4578,HOLD
TSLA,2025-12-30,454.43,48.54,INSIDE,-2.0305,HOLD
INTC,2025-12-30,37.3,48.87,INSIDE,-0.2209,HOLD
AMD,2025-12-30,215.34,48.9,INSIDE,1.0982,HOLD
IBM,2025-12-30,302.05,47.19,INSIDE,-0.6613,HOLD
ORCL,2025-12-30,197.21,44.03,INSIDE,2.2414,HOLD
NFLX,2025-12-30,93.78,34.52,INSIDE,0.4453,HOLD
PLTR,2025-12-30,180.84,47.65,INSIDE,-0.2722,HOLD
SNOW,2025-12-30,222.05,41.63,INSIDE,0.9856,HOLD
SHOP,2025-12-30,163.74,50.72,INSIDE,0.0685,HOLD
COIN,2025-12-30,231.6,32.68,INSIDE,-0.7238,HOLD
ROKU,2025-12-30,110.82,61.86,INSIDE,0.3078,HOLD
U,2025-12-30,45.13,53.38,INSIDE,-0.3816,HOLD
CRWD,2025-12-30,475.63,37.98,INSIDE,-1.4786,HOLD
ZS,2025-12-30,227.42,28.73,INSIDE,1.783,HOLD
RIVN,2025-12-30,19.59,58.02,INSIDE,0.0393,HOLD
LCID,2025-12-30,10.9,34.18,INSIDE,0.0662,HOLD
BTC-USD,2025-12-30,88430.13,47.87,INSIDE,274.2648,HOLD
AAPL,2025-12-30,273.08,48.42,INSIDE,-0.7311,HOLD
MSFT,2025-12-30,487.48,50.1,INSIDE,1.7234,HOLD
GOOGL,2025-12-30,313.85,58.02,INSIDE,-1.007,HOLD
AMZN,2025-12-30,232.53,55.22,INSIDE,0.8353,HOLD
META,2025-12-30,665.95,55.57,INSIDE,1.6342,HOLD
NVDA,2025-12-30,187.54,54.8,INSIDE,1.4578,HOLD
TSLA,2025-12-30,454.43,48.54,INSIDE,-2.0305,HOLD
INTC,2025-12-30,37.3,48.87,INSIDE,-0.2209,HOLD
AMD,2025-12-30,215.34,48.9,INSIDE,1.0982,HOLD
IBM,2025-12-30,302.05,47.19,INSIDE,-0.6613,HOLD
ORCL,2025-12-30,197.21,44.03,INSIDE,2.2414,HOLD
NFLX,2025-12-30,93.78,34.52,INSIDE,0.4453,HOLD
PLTR,2025-12-30,180.84,47.65,INSIDE,-0.2722,HOLD
SNOW,2025-12-30,222.05,41.63,INSIDE,0.9856,HOLD
SHOP,2025-12-30,163.74,50.72,INSIDE,0.0685,HOLD
COIN,2025-12-30,231.6,32.68,INSIDE,-0.7238,HOLD
ROKU,2025-12-30,110.82,61.86,INSIDE,0.3078,HOLD
U,2025-12-30,45.13,53.38,INSIDE,-0.3816,HOLD
CRWD,2025-12-30,475.63,37.98,INSIDE,-1.4786,HOLD
ZS,2025-12-30,227.42,28.73,INSIDE,1.783,HOLD
RIVN,2025-12-30,19.59,57.9,INSIDE,0.0384,HOLD
LCID,2025-12-30,10.9,34.18,INSIDE,0.0662,HOLD
BTC-USD,2025-12-31,87508.83,44.62,INSIDE,253.8232,HOLD
AAPL,2025-12-31,271.86,45.69,INSIDE,-0.7201,HOLD
MSFT,2025-12-31,483.62,46.14,INSIDE,1.3723,HOLD
GOOGL,2025-12-31,313.0,56.95,INSIDE,-0.9598,HOLD
AMZN,2025-12-31,230.82,52.0,INSIDE,0.6969,HOLD
META,2025-12-31,660.09,52.36,INSIDE,1.0901,HOLD
NVDA,2025-12-31,186.5,53.39,INSIDE,1.2302,HOLD
TSLA,2025-12-31,449.72,46.7,INSIDE,-3.4017,HOLD
INTC,2025-12-31,36.9,46.9,INSIDE,-0.1644,HOLD
AMD,2025-12-31,214.16,47.76,INSIDE,1.0383,HOLD
IBM,2025-12-31,296.21,39.39,BELOW,-1.0757,HOLD
ORCL,2025-12-31,194.91,42.54,INSIDE,2.1633,HOLD
NFLX,2025-12-31,93.76,34.48,INSIDE,0.4945,HOLD
PLTR,2025-12-31,177.75,44.86,INSIDE,-0.9269,HOLD
SNOW,2025-12-31,219.36,39.56,INSIDE,0.8596,HOLD
SHOP,2025-12-31,160.97,47.21,INSIDE,-0.4482,HOLD
COIN,2025-12-31,226.14,30.52,INSIDE,-0.9607,HOLD
ROKU,2025-12-31,108.49,55.73,INSIDE,0.0131,HOLD
U,2025-12-31,44.17,49.23,INSIDE,-0.4321,HOLD
CRWD,2025-12-31,468.76,35.04,INSIDE,-1.5481,HOLD
ZS,2025-12-31,224.92,27.22,INSIDE,1.7002,HOLD
RIVN,2025-12-31,19.71,58.42,INSIDE,-0.0516,HOLD
LCID,2025-12-31,10.57,32.3,INSIDE,0.0353,HOLD
BTC-USD,2026-01-01,88731.98,49.52,INSIDE,316.6547,HOLD
AAPL,2025-12-31,271.86,45.69,INSIDE,-0.7201,HOLD
MSFT,2025-12-31,483.62,46.14,INSIDE,1.3723,HOLD
GOOGL,2025-12-31,313.0,56.95,INSIDE,-0.9598,HOLD
AMZN,2025-12-31,230.82,52.0,INSIDE,0.6969,HOLD
META,2025-12-31,660.09,52.36,INSIDE,1.0901,HOLD
NVDA,2025-12-31,186.5,53.39,INSIDE,1.2302,HOLD
TSLA,2025-12-31,449.72,46.7,INSIDE,-3.4017,HOLD
INTC,2025-12-31,36.9,46.9,INSIDE,-0.1644,HOLD
AMD,2025-12-31,214.16,47.76,INSIDE,1.0383,HOLD
IBM,2025-12-31,296.21,39.39,BELOW,-1.0757,HOLD
ORCL,2025-12-31,194.91,42.54,INSIDE,2.1633,HOLD
NFLX,2025-12-31,93.76,34.48,INSIDE,0.4945,HOLD
PLTR,2025-12-31,177.75,44.86,INSIDE,-0.9269,HOLD
SNOW,2025-12-31,219.36,39.56,INSIDE,0.8596,HOLD
SHOP,2025-12-31,160.97,47.21,INSIDE,-0.4482,HOLD
COIN,2025-12-31,226.14,30.52,INSIDE,-0.9607,HOLD
ROKU,2025-12-31,108.49,55.73,INSIDE,0.0131,HOLD
U,2025-12-31,44.17,49.23,INSIDE,-0.4321,HOLD
CRWD,2025-12-31,468.76,35.04,INSIDE,-1.5481,HOLD
ZS,2025-12-31,224.92,27.22,INSIDE,1.7002,HOLD
RIVN,2025-12-31,19.71,58.34,INSIDE,-0.0527,HOLD
LCID,2025-12-31,10.57,32.3,INSIDE,0.0353,HOLD
BTC-USD,2026-01-02,89944.7,53.88,ABOVE,426.9982,HOLD
AAPL,2025-12-31,271.86,45.69,INSIDE,-0.7201,HOLD
MSFT,2025-12-31,483.62,46.14,INSIDE,1.3723,HOLD
GOOGL,2025-12-31,313.0,56.95,INSIDE,-0.9598,HOLD
AMZN,2025-12-31,230.82,52.0,INSIDE,0.6969,HOLD
META,2025-12-31,660.09,52.36,INSIDE,1.0901,HOLD
NVDA,2025-12-31,186.5,53.39,INSIDE,1.2302,HOLD
TSLA,2025-12-31,449.72,46.7,INSIDE,-3.4017,HOLD
INTC,2025-12-31,36.9,46.9,INSIDE,-0.1644,HOLD
AMD,2025-12-31,214.16,47.76,INSIDE,1.0383,HOLD
IBM,2025-12-31,296.21,39.39,BELOW,-1.0757,HOLD
ORCL,2025-12-31,194.91,42.54,INSIDE,2.1633,HOLD
NFLX,2025-12-31,93.76,34.48,INSIDE,0.4945,HOLD
PLTR,2025-12-31,177.75,44.86,INSIDE,-0.9269,HOLD
SNOW,2025-12-31,219.36,39.56,INSIDE,0.8596,HOLD
SHOP,2025-12-31,160.97,47.21,INSIDE,-0.4482,HOLD
COIN,2025-12-31,226.14,30.52,INSIDE,-0.9607,HOLD
ROKU,2025-12-31,108.49,55.73,INSIDE,0.0131,HOLD
U,2025-12-31,44.17,49.23,INSIDE,-0.4321,HOLD
CRWD,2025-12-31,468.76,35.04,INSIDE,-1.5481,HOLD
ZS,2025-12-31,224.92,27.22,INSIDE,1.7002,HOLD
RIVN,2025-12-31,19.71,58.34,INSIDE,-0.0527,HOLD
LCID,2025-12-31,10.57,32.3,INSIDE,0.0353,HOLD
BTC-USD,2026-01-03,90603.19,56.09,ABOVE,524.9947,HOLD
AAPL,2026-01-02,271.01,43.84,INSIDE,-0.7355,HOLD
MSFT,2026-01-02,472.94,37.36,INSIDE,0.4275,HOLD
GOOGL,2026-01-02,315.15,59.01,INSIDE,-0.7891,HOLD
AMZN,2026-01-02,226.5,44.88,INSIDE,0.3006,HOLD
META,2026-01-02,650.41,47.49,INSIDE,0.0476,HOLD
NVDA,2026-01-02,188.85,56.13,INSIDE,1.1752,HOLD
TSLA,2026-01-02,438.07,42.43,INSIDE,-4.927,HOLD
INTC,2026-01-02,39.38,58.17,INSIDE,0.04,HOLD
AMD,2026-01-02,223.47,56.38,INSIDE,1.57,HOLD
IBM,2026-01-02,291.5,34.45,BELOW,-1.5878,HOLD
ORCL,2026-01-02,195.71,43.26,INSIDE,2.1396,HOLD
NFLX,2026-01-02,90.99,29.04,INSIDE,0.358,HOLD
PLTR,2026-01-02,167.86,37.34,BELOW,-1.9463,HOLD
SNOW,2026-01-02,216.71,37.57,INSIDE,0.6303,HOLD
SHOP,2026-01-02,157.2,42.86,INSIDE,-1.0135,HOLD
COIN,2026-01-02,236.53,38.81,INSIDE,-0.2806,HOLD
ROKU,2026-01-02,108.72,56.19,INSIDE,-0.1841,HOLD
U,2026-01-02,44.25,49.58,INSIDE,-0.4466,HOLD
CRWD,2026-01-02,453.58,29.59,INSIDE,-2.393,HOLD
ZS,2026-01-02,220.57,24.78,INSIDE,1.4124,HOLD
RIVN,2026-01-02,19.41,55.87,INSIDE,-0.1358,HOLD
LCID,2026-01-02,11.15,38.68,INSIDE,0.06,HOLD
BTC-USD,2026-01-04,91413.49,58.72,ABOVE,618.6069,HOLD
AAPL,2026-01-05,267.26,36.75,BELOW,-0.95,HOLD
MSFT,2026-01-05,472.85,37.29,INSIDE,-0.1649,HOLD
GOOGL,2026-01-05,316.54,60.33,INSIDE,-0.5968,HOLD
AMZN,2026-01-05,233.06,54.96,INSIDE,0.4569,HOLD
META,2026-01-05,658.79,51.68,INSIDE,-0.1002,HOLD
NVDA,2026-01-05,188.12,55.05,INSIDE,1.0321,HOLD
TSLA,2026-01-05,451.67,48.37,INSIDE,-4.8462,HOLD
INTC,2026-01-05,39.37,58.12,INSIDE,0.1676,HOLD
AMD,2026-01-05,221.08,53.92,INSIDE,1.6944,HOLD
IBM,2026-01-05,294.97,40.38,INSIDE,-1.6085,HOLD
ORCL,2026-01-05,192.59,41.09,INSIDE,1.8961,HOLD
NFLX,2026-01-05,91.46,31.03,INSIDE,0.3182,HOLD
PLTR,2026-01-05,174.04,43.69,INSIDE,-2.1109,HOLD
SNOW,2026-01-05,224.36,46.0,INSIDE,1.0042,HOLD
SHOP,2026-01-05,166.21,53.82,INSIDE,-0.7617,HOLD
COIN,2026-01-05,254.92,50.14,INSIDE,1.4499,HOLD
ROKU,2026-01-05,114.68,66.06,INSIDE,0.0563,HOLD
U,2026-01-05,45.91,56.34,INSIDE,-0.336,HOLD
CRWD,2026-01-05,456.55,31.83,INSIDE,-2.5159,HOLD
ZS,2026-01-05,222.76,28.27,INSIDE,1.4254,HOLD
RIVN,2026-01-05,19.59,56.94,INSIDE,-0.1821,HOLD
LCID,2026-01-05,11.69,43.97,INSIDE,0.1156,HOLD
BTC-USD,2026-01-05,93882.55,65.5,ABOVE,809.012,HOLD
AAPL,2026-01-06,262.36,29.94,BELOW,-1.3492,BUY
MSFT,2026-01-06,478.51,43.85,INSIDE,-0.1383,HOLD
GOOGL,2026-01-06,314.34,57.18,INSIDE,-0.6287,HOLD
AMZN,2026-01-06,240.93,63.57,ABOVE,1.0341,HOLD
META,2026-01-06,660.62,52.57,INSIDE,-0.0972,HOLD
NVDA,2026-01-06,187.24,53.71,INSIDE,0.8292,HOLD
TSLA,2026-01-06,432.96,41.95,INSIDE,-5.8139,HOLD
INTC,2026-01-06,40.04,60.73,INSIDE,0.2832,HOLD
AMD,2026-01-06,214.35,47.62,INSIDE,1.2762,HOLD
IBM,2026-01-06,302.47,50.76,INSIDE,-1.0593,HOLD
ORCL,2026-01-06,193.75,42.25,INSIDE,1.7964,HOLD
NFLX,2026-01-06,90.65,29.49,BELOW,0.2587,BUY
PLTR,2026-01-06,179.71,48.82,INSIDE,-1.7589,HOLD
SNOW,2026-01-06,234.53,54.74,ABOVE,1.895,HOLD
SHOP,2026-01-06,168.45,56.07,INSIDE,-0.4412,HOLD
COIN,2026-01-06,250.56,47.88,INSIDE,2.2929,HOLD
ROKU,2026-01-06,113.28,62.5,INSIDE,0.0886,HOLD
U,2026-01-06,45.55,54.63,INSIDE,-0.2808,HOLD
CRWD,2026-01-06,458.32,33.19,INSIDE,-2.2506,HOLD
ZS,2026-01-06,222.03,27.81,INSIDE,1.4366,HOLD
RIVN,2026-01-06,19.53,56.4,INSIDE,-0.2144,HOLD
LCID,2026-01-06,11.6,43.3,INSIDE,0.1471,HOLD
BTC-USD,2026-01-06,93729.03,64.79,ABOVE,880.8924,HOLD
AAPL,2026-01-06,262.36,29.94,BELOW,-1.3492,BUY
MSFT,2026-01-06,478.51,43.85,INSIDE,-0.1383,HOLD
GOOGL,2026-01-06,314.34,57.18,INSIDE,-0.6287,HOLD
AMZN,2026-01-06,240.93,63.57,ABOVE,1.0341,HOLD
META,2026-01-06,660.62,52.57,INSIDE,-0.0972,HOLD
NVDA,2026-01-06,187.24,53.71,INSIDE,0.8292,HOLD
TSLA,2026-01-06,432.96,41.95,INSIDE,-5.8139,HOLD
INTC,2026-01-06,40.04,60.73,INSIDE,0.2832,HOLD
AMD,2026-01-06,214.35,47.62,INSIDE,1.2762,HOLD
IBM,2026-01-06,302.47,50.76,INSIDE,-1.0593,HOLD
ORCL,2026-01-06,193.75,42.25,INSIDE,1.7964,HOLD
NFLX,2026-01-06,90.65,29.49,BELOW,0.2587,BUY
PLTR,2026-01-06,179.71,48.82,INSIDE,-1.7589,HOLD
SNOW,2026-01-06,234.53,54.74,ABOVE,1.895,HOLD
SHOP,2026-01-06,168.45,56.07,INSIDE,-0.4412,HOLD
COIN,2026-01-06,250.56,47.88,INSIDE,2.2929,HOLD
ROKU,2026-01-06,113.28,62.5,INSIDE,0.0886,HOLD
U,2026-01-06,45.55,54.63,INSIDE,-0.2808,HOLD
CRWD,2026-01-06,458.32,33.19,INSIDE,-2.2506,HOLD
ZS,2026-01-06,222.03,27.81,INSIDE,1.4366,HOLD
RIVN,2026-01-06,19.53,56.5,INSIDE,-0.2123,HOLD
LCID,2026-01-06,11.6,43.3,INSIDE,0.1471,HOLD
BTC-USD,2026-01-07,91308.05,54.69,INSIDE,728.0045,HOLD
AAPL,2026-01-06,262.36,29.94,BELOW,-1.3492,BUY
MSFT,2026-01-06,478.51,43.85,INSIDE,-0.1383,HOLD
GOOGL,2026-01-06,314.34,57.18,INSIDE,-0.6287,HOLD
AMZN,2026-01-06,240.93,63.57,ABOVE,1.0341,HOLD
META,2026-01-06,660.62,52.57,INSIDE,-0.0972,HOLD
NVDA,2026-01-06,187.24,53.71,INSIDE,0.8292,HOLD
TSLA,2026-01-06,432.96,41.95,INSIDE,-5.8139,HOLD
INTC,2026-01-06,40.04,60.73,INSIDE,0.2832,HOLD
AMD,2026-01-06,214.35,47.62,INSIDE,1.2762,HOLD
IBM,2026-01-06,302.47,50.76,INSIDE,-1.0593,HOLD
ORCL,2026-01-06,193.75,42.25,INSIDE,1.7964,HOLD
NFLX,2026-01-06,90.65,29.49,BELOW,0.2587,BUY
PLTR,2026-01-06,179.71,48.82,INSIDE,-1.7589,HOLD
SNOW,2026-01-06,234.53,54.74,ABOVE,1.895,HOLD
SHOP,2026-01-06,168.45,56.07,INSIDE,-0.4412,HOLD
COIN,2026-01-06,250.56,47.88,INSIDE,2.2929,HOLD
ROKU,2026-01-06,113.28,62.5,INSIDE,0.0886,HOLD
U,2026-01-06,45.55,54.63,INSIDE,-0.2808,HOLD
CRWD,2026-01-06,458.32,33.19,INSIDE,-2.2506,HOLD
ZS,2026-01-06,222.03,27.81,INSIDE,1.4366,HOLD
RIVN,2026-01-06,19.53,56.5,INSIDE,-0.2123,HOLD
LCID,2026-01-06,11.6,43.3,INSIDE,0.1471,HOLD
BTC-USD,2026-01-07,91308.05,54.69,INSIDE,728.0045,HOLD
AAPL,2026-01-06,262.36,29.94,BELOW,-1.3492,BUY
MSFT,2026-01-06,478.51,43.85,INSIDE,-0.1383,HOLD
GOOGL,2026-01-06,314.34,57.18,INSIDE,-0.6287,HOLD
AMZN,2026-01-06,240.93,63.57,ABOVE,1.0341,HOLD
META,2026-01-06,660.62,52.57,INSIDE,-0.0972,HOLD
NVDA,2026-01-06,187.24,53.71,INSIDE,0.8292,HOLD
TSLA,2026-01-06,432.96,41.95,INSIDE,-5.8139,HOLD
INTC,2026-01-06,40.04,60.73,INSIDE,0.2832,HOLD
AMD,2026-01-06,214.35,47.62,INSIDE,1.2762,HOLD
IBM,2026-01-06,302.47,50.76,INSIDE,-1.0593,HOLD
ORCL,2026-01-06,193.75,42.25,INSIDE,1.7964,HOLD
NFLX,2026-01-06,90.65,29.49,BELOW,0.2587,BUY
PLTR,2026-01-06,179.71,48.82,INSIDE,-1.7589,HOLD
SNOW,2026-01-06,234.53,54.74,ABOVE,1.895,HOLD
SHOP,2026-01-06,168.45,56.07,INSIDE,-0.4412,HOLD
COIN,2026-01-06,250.56,47.88,INSIDE,2.2929,HOLD
ROKU,2026-01-06,113.28,62.5,INSIDE,0.0886,HOLD
U,2026-01-06,45.55,54.63,INSIDE,-0.2808,HOLD
CRWD,2026-01-06,458.32,33.19,INSIDE,-2.2506,HOLD
ZS,2026-01-06,222.03,27.81,INSIDE,1.4366,HOLD
RIVN,2026-01-06,19.53,56.5,INSIDE,-0.2123,HOLD
LCID,2026-01-06,11.6,43.3,INSIDE,0.1471,HOLD
BTC-USD,2026-01-07,91308.05,54.69,INSIDE,728.0045,HOLD
AAPL,2026-01-07,260.33,27.65,BELOW,-1.6571,BUY
MSFT,2026-01-07,483.47,48.9,INSIDE,0.2308,HOLD
GOOGL,2026-01-07,321.98,64.17,INSIDE,-0.1702,HOLD
AMZN,2026-01-07,241.56,64.16,ABOVE,1.3804,HOLD
META,2026-01-07,648.69,46.55,INSIDE,-0.8778,HOLD
NVDA,2026-01-07,189.11,56.15,INSIDE,0.7731,HOLD
TSLA,2026-01-07,431.41,41.46,INSIDE,-6.2797,HOLD
INTC,2026-01-07,42.63,68.82,ABOVE,0.5071,HOLD
AMD,2026-01-07,210.02,44.05,INSIDE,0.6901,HOLD
IBM,2026-01-07,296.73,44.39,INSIDE,-1.0242,HOLD
ORCL,2026-01-07,192.84,41.56,INSIDE,1.6558,HOLD
NFLX,2026-01-07,90.73,29.86,INSIDE,0.2462,HOLD
PLTR,2026-01-07,181.68,50.51,INSIDE,-1.3335,HOLD
SNOW,2026-01-07,233.5,53.79,ABOVE,2.344,HOLD
SHOP,2026-01-07,166.74,53.91,INSIDE,-0.3457,HOLD
COIN,2026-01-07,245.93,45.53,INSIDE,2.5129,HOLD
ROKU,2026-01-07,110.3,55.62,INSIDE,-0.1124,HOLD
U,2026-01-07,45.36,53.71,INSIDE,-0.2518,HOLD
CRWD,2026-01-07,478.91,46.55,INSIDE,-0.5498,HOLD
ZS,2026-01-07,231.16,40.84,INSIDE,2.0721,HOLD
RIVN,2026-01-07,20.06,59.98,INSIDE,-0.1994,HOLD
LCID,2026-01-07,11.0,39.03,INSIDE,0.1291,HOLD
BTC-USD,2026-01-07,91308.05,54.69,INSIDE,728.0045,HOLD
AAPL,2026-01-08,259.04,26.28,BELOW,-1.8406,BUY
MSFT,2026-01-08,478.11,44.27,INSIDE,0.1359,HOLD
GOOGL,2026-01-08,325.44,66.81,ABOVE,0.3055,HOLD
AMZN,2026-01-08,246.29,68.31,ABOVE,1.8224,HOLD
META,2026-01-08,646.06,45.31,INSIDE,-1.5131,HOLD
NVDA,2026-01-08,185.04,49.96,INSIDE,0.4312,HOLD
TSLA,2026-01-08,435.8,43.48,INSIDE,-6.0131,HOLD
INTC,2026-01-08,41.11,60.89,INSIDE,0.5238,HOLD
AMD,2026-01-08,204.68,40.07,INSIDE,-0.0366,HOLD
IBM,2026-01-08,302.72,51.27,INSIDE,-0.5623,HOLD
ORCL,2026-01-08,189.65,39.15,INSIDE,1.3478,HOLD
NFLX,2026-01-08,90.53,29.45,INSIDE,0.2453,HOLD
PLTR,2026-01-08,176.86,46.47,INSIDE,-1.3149,HOLD
SNOW,2026-01-08,223.79,45.73,INSIDE,1.9334,HOLD
SHOP,2026-01-08,168.28,55.57,INSIDE,-0.1879,HOLD
COIN,2026-01-08,245.59,45.35,INSIDE,2.599,HOLD
ROKU,2026-01-08,108.86,52.61,INSIDE,-0.3504,HOLD
U,2026-01-08,45.28,53.3,INSIDE,-0.2332,HOLD
CRWD,2026-01-08,463.87,40.22,INSIDE,-0.3109,HOLD
ZS,2026-01-08,220.32,33.18,INSIDE,1.7865,HOLD
RIVN,2026-01-08,19.89,58.26,INSIDE,-0.2007,HOLD
LCID,2026-01-08,11.24,41.51,INSIDE,0.1342,HOLD
BTC-USD,2026-01-08,91027.12,53.64,INSIDE,577.1643,HOLD
AAPL,2026-01-08,259.04,26.28,BELOW,-1.8406,BUY
MSFT,2026-01-08,478.11,44.27,INSIDE,0.1359,HOLD
GOOGL,2026-01-08,325.44,66.81,ABOVE,0.3055,HOLD
AMZN,2026-01-08,246.29,68.31,ABOVE,1.8224,HOLD
META,2026-01-08,646.06,45.31,INSIDE,-1.5131,HOLD
NVDA,2026-01-08,185.04,49.96,INSIDE,0.4312,HOLD
TSLA,2026-01-08,435.8,43.48,INSIDE,-6.0131,HOLD
INTC,2026-01-08,41.11,60.89,INSIDE,0.5238,HOLD
AMD,2026-01-08,204.68,40.07,INSIDE,-0.0366,HOLD
IBM,2026-01-08,302.72,51.27,INSIDE,-0.5623,HOLD
ORCL,2026-01-08,189.15,39.15,INSIDE,1.3443,HOLD
NFLX,2026-01-08,90.53,29.45,INSIDE,0.2453,HOLD
PLTR,2026-01-08,176.86,46.47,INSIDE,-1.3149,HOLD
SNOW,2026-01-08,223.79,45.73,INSIDE,1.9334,HOLD
SHOP,2026-01-08,168.28,55.57,INSIDE,-0.1879,HOLD
COIN,2026-01-08,245.59,45.35,INSIDE,2.599,HOLD
ROKU,2026-01-08,108.86,52.61,INSIDE,-0.3504,HOLD
U,2026-01-08,45.28,53.3,INSIDE,-0.2332,HOLD
CRWD,2026-01-08,463.87,40.22,INSIDE,-0.3109,HOLD
ZS,2026-01-08,220.32,33.18,INSIDE,1.7865,HOLD
RIVN,2026-01-08,19.89,58.26,INSIDE,-0.2007,HOLD
LCID,2026-01-08,11.24,41.51,INSIDE,0.1342,HOLD
BTC-USD,2026-01-09,90513.1,51.69,INSIDE,419.3238,HOLD
AAPL,2026-01-08,259.04,26.28,BELOW,-1.8406,BUY
MSFT,2026-01-08,478.11,44.27,INSIDE,0.1359,HOLD
GOOGL,2026-01-08,325.44,66.81,ABOVE,0.3055,HOLD
AMZN,2026-01-08,246.29,68.31,ABOVE,1.8224,HOLD
META,2026-01-08,646.06,45.31,INSIDE,-1.5131,HOLD
NVDA,2026-01-08,185.04,49.96,INSIDE,0.4312,HOLD
TSLA,2026-01-08,435.8,43.48,INSIDE,-6.0131,HOLD
INTC,2026-01-08,41.11,60.89,INSIDE,0.5238,HOLD
AMD,2026-01-08,204.68,40.07,INSIDE,-0.0366,HOLD
IBM,2026-01-08,302.72,51.27,INSIDE,-0.5623,HOLD
ORCL,2026-01-08,189.15,39.15,INSIDE,1.3443,HOLD
NFLX,2026-01-08,90.53,29.45,INSIDE,0.2453,HOLD
PLTR,2026-01-08,176.86,46.47,INSIDE,-1.3149,HOLD
SNOW,2026-01-08,223.79,45.73,INSIDE,1.9334,HOLD
SHOP,2026-01-08,168.28,55.57,INSIDE,-0.1879,HOLD
COIN,2026-01-08,245.59,45.35,INSIDE,2.599,HOLD
ROKU,2026-01-08,108.86,52.61,INSIDE,-0.3504,HOLD
U,2026-01-08,45.28,53.3,INSIDE,-0.2332,HOLD
CRWD,2026-01-08,463.87,40.22,INSIDE,-0.3109,HOLD
ZS,2026-01-08,220.32,33.18,INSIDE,1.7865,HOLD
RIVN,2026-01-08,19.89,58.26,INSIDE,-0.2007,HOLD
LCID,2026-01-08,11.24,41.51,INSIDE,0.1342,HOLD
BTC-USD,2026-01-10,90386.65,51.2,INSIDE,289.1482,HOLD
AAPL,2026-01-09,259.37,27.27,INSIDE,-1.8289,HOLD
MSFT,2026-01-09,479.28,45.48,INSIDE,0.1717,HOLD
GOOGL,2026-01-09,328.57,69.03,ABOVE,0.7451,HOLD
AMZN,2026-01-09,247.38,69.2,ABOVE,2.0646,HOLD
META,2026-01-09,653.06,49.17,INSIDE,-1.4061,HOLD
NVDA,2026-01-09,184.86,49.7,INSIDE,0.1753,HOLD
TSLA,2026-01-09,445.01,47.56,INSIDE,-4.9801,HOLD
INTC,2026-01-09,45.55,71.29,ABOVE,0.7889,SELL
AMD,2026-01-09,203.17,38.99,INSIDE,-0.5688,HOLD
IBM,2026-01-09,304.22,52.84,INSIDE,-0.1423,HOLD
ORCL,2026-01-09,198.52,48.61,INSIDE,1.7464,HOLD
NFLX,2026-01-09,89.46,27.27,BELOW,0.1958,BUY
PLTR,2026-01-09,177.49,47.07,INSIDE,-1.2013,HOLD
SNOW,2026-01-09,219.09,42.42,INSIDE,1.3207,HOLD
SHOP,2026-01-09,164.48,50.71,INSIDE,-0.3397,HOLD
COIN,2026-01-09,240.78,42.83,INSIDE,2.3054,HOLD
ROKU,2026-01-09,111.17,56.66,INSIDE,-0.3592,HOLD
U,2026-01-09,44.66,50.1,INSIDE,-0.2559,HOLD
CRWD,2026-01-09,470.61,43.9,INSIDE,0.3898,HOLD
ZS,2026-01-09,216.73,31.1,INSIDE,1.397,HOLD
RIVN,2026-01-09,19.22,52.13,INSIDE,-0.2436,HOLD
LCID,2026-01-09,11.33,42.46,INSIDE,0.1437,HOLD
BTC-USD,2026-01-11,90827.46,52.89,INSIDE,218.6788,HOLD
AAPL,2026-01-12,260.25,29.99,INSIDE,-1.6562,HOLD
MSFT,2026-01-12,477.18,43.65,INSIDE,0.0783,HOLD
GOOGL,2026-01-12,331.86,71.21,ABOVE,1.1476,SELL
AMZN,2026-01-12,246.47,67.5,INSIDE,2.0367,HOLD
META,2026-01-12,641.97,43.89,INSIDE,-1.9906,HOLD
NVDA,2026-01-12,184.94,49.83,INSIDE,0.0029,HOLD
TSLA,2026-01-12,448.96,49.25,INSIDE,-3.8453,HOLD
INTC,2026-01-12,44.06,65.04,ABOVE,0.8155,HOLD
AMD,2026-01-12,207.69,43.85,INSIDE,-0.5651,HOLD
IBM,2026-01-12,312.18,60.18,ABOVE,0.6419,HOLD
ORCL,2026-01-12,204.68,53.7,INSIDE,2.3633,HOLD
NFLX,2026-01-12,89.41,27.17,INSIDE,0.1829,HOLD
PLTR,2026-01-12,179.41,48.93,INSIDE,-0.949,HOLD
SNOW,2026-01-12,220.28,43.54,INSIDE,0.9865,HOLD
SHOP,2026-01-12,167.93,54.59,INSIDE,-0.2142,HOLD
COIN,2026-01-12,242.98,44.35,INSIDE,2.2314,HOLD
ROKU,2026-01-12,110.72,55.67,INSIDE,-0.399,HOLD
U,2026-01-12,47.29,60.83,ABOVE,-0.0955,HOLD
CRWD,2026-01-12,466.99,42.39,INSIDE,0.6812,HOLD
ZS,2026-01-12,216.63,31.04,INSIDE,1.1824,HOLD
RIVN,2026-01-12,19.15,51.42,INSIDE,-0.2726,HOLD
LCID,2026-01-12,11.26,41.89,INSIDE,0.1449,HOLD
BTC-USD,2026-01-12,91192.99,54.3,INSIDE,184.0236,HOLD
AAPL,2026-01-13,261.05,32.45,INSIDE,-1.393,HOLD
MSFT,2026-01-13,470.67,38.46,INSIDE,-0.3726,HOLD
GOOGL,2026-01-13,335.97,73.71,ABOVE,1.5555,SELL
AMZN,2026-01-13,242.6,60.69,INSIDE,1.6473,HOLD
META,2026-01-13,631.09,39.41,BELOW,-2.9599,HOLD
NVDA,2026-01-13,185.81,51.25,INSIDE,-0.0577,HOLD
TSLA,2026-01-13,447.2,48.5,INSIDE,-3.0617,HOLD
INTC,2026-01-13,47.29,70.98,ABOVE,0.9906,SELL
AMD,2026-01-13,220.97,55.14,INSIDE,0.3346,HOLD
IBM,2026-01-13,303.16,50.57,INSIDE,0.5283,HOLD
ORCL,2026-01-13,202.29,51.57,INSIDE,2.5313,HOLD
NFLX,2026-01-13,90.32,32.11,INSIDE,0.2546,HOLD
PLTR,2026-01-13,178.96,48.5,INSIDE,-0.7722,HOLD
SNOW,2026-01-13,209.39,36.56,BELOW,0.0711,HOLD
SHOP,2026-01-13,167.44,53.94,INSIDE,-0.1723,HOLD
COIN,2026-01-13,252.69,50.62,INSIDE,2.7731,HOLD
ROKU,2026-01-13,110.51,55.18,INSIDE,-0.44,HOLD
U,2026-01-13,45.67,53.24,INSIDE,-0.0995,HOLD
CRWD,2026-01-13,468.02,42.99,INSIDE,0.9959,HOLD
ZS,2026-01-13,216.85,31.34,INSIDE,1.1061,HOLD
RIVN,2026-01-13,18.85,48.81,INSIDE,-0.3056,HOLD
LCID,2026-01-13,10.94,39.3,INSIDE,0.1245,HOLD
BTC-USD,2026-01-13,95321.78,66.49,ABOVE,413.3756,HOLD
AAPL,2026-01-14,259.96,30.86,INSIDE,-1.2044,HOLD
MSFT,2026-01-14,459.38,31.48,BELOW,-1.3282,HOLD
GOOGL,2026-01-14,335.84,73.49,INSIDE,1.6712,HOLD
AMZN,2026-01-14,236.65,52.0,INSIDE,0.9153,HOLD
META,2026-01-14,615.52,34.06,BELOW,-4.4123,HOLD
NVDA,2026-01-14,183.14,46.86,INSIDE,-0.2708,HOLD
TSLA,2026-01-14,439.2,45.13,INSIDE,-2.9306,HOLD
INTC,2026-01-14,48.72,73.16,ABOVE,1.1325,SELL
AMD,2026-01-14,223.6,56.99,INSIDE,1.0684,HOLD
IBM,2026-01-14,309.03,55.55,INSIDE,0.8069,HOLD
ORCL,2026-01-14,193.61,44.62,INSIDE,2.002,HOLD
NFLX,2026-01-14,88.55,28.11,INSIDE,0.2039,HOLD
PLTR,2026-01-14,178.4,47.93,INSIDE,-0.6573,HOLD
SNOW,2026-01-14,206.16,34.78,BELOW,-0.6719,HOLD
SHOP,2026-01-14,157.51,42.81,BELOW,-0.7872,HOLD
COIN,2026-01-14,255.86,52.5,INSIDE,3.2486,HOLD
ROKU,2026-01-14,107.55,48.69,INSIDE,-0.6541,HOLD
U,2026-01-14,42.04,40.92,BELOW,-0.3346,HOLD
CRWD,2026-01-14,460.7,39.82,INSIDE,0.7737,HOLD
ZS,2026-01-14,214.27,29.68,INSIDE,0.9399,HOLD
RIVN,2026-01-14,17.5,39.79,INSIDE,-0.4009,HOLD
LCID,2026-01-14,10.84,38.5,INSIDE,0.1055,HOLD
BTC-USD,2026-01-14,96929.33,69.86,ABOVE,634.3373,HOLD
AAPL,2026-01-15,258.21,28.44,INSIDE,-1.1116,HOLD
MSFT,2026-01-15,456.66,30.06,BELOW,-2.0002,HOLD
GOOGL,2026-01-15,332.78,68.39,INSIDE,1.407,HOLD
AMZN,2026-01-15,238.18,53.83,INSIDE,0.4822,HOLD
META,2026-01-15,620.8,37.18,BELOW,-4.7505,HOLD
NVDA,2026-01-15,187.05,53.19,INSIDE,-0.1478,HOLD
TSLA,2026-01-15,438.57,44.87,INSIDE,-2.7383,HOLD
INTC,2026-01-15,48.32,71.54,INSIDE,1.1268,HOLD
AMD,2026-01-15,227.92,59.9,INSIDE,1.7651,HOLD
IBM,2026-01-15,297.95,46.11,INSIDE,0.2332,HOLD
ORCL,2026-01-15,189.85,41.99,INSIDE,1.3729,HOLD
NFLX,2026-01-15,88.05,27.09,INSIDE,0.1597,HOLD
PLTR,2026-01-15,177.07,46.55,INSIDE,-0.6347,HOLD
SNOW,2026-01-15,207.74,36.41,INSIDE,-0.9594,HOLD
SHOP,2026-01-15,157.99,43.42,INSIDE,-1.1153,HOLD
COIN,2026-01-15,239.28,43.23,INSIDE,2.3898,HOLD
ROKU,2026-01-15,104.97,43.84,BELOW,-0.9397,HOLD
U,2026-01-15,43.98,47.86,INSIDE,-0.3459,HOLD
CRWD,2026-01-15,455.0,37.49,INSIDE,0.3281,HOLD
ZS,2026-01-15,210.58,27.44,BELOW,0.6527,BUY
RIVN,2026-01-15,17.06,37.4,BELOW,-0.4733,HOLD
LCID,2026-01-15,10.05,32.81,BELOW,0.044,HOLD
BTC-USD,2026-01-15,95551.19,63.92,INSIDE,646.4715,HOLD
AAPL,2026-01-15,258.21,28.44,INSIDE,-1.1116,HOLD
MSFT,2026-01-15,456.66,30.06,BELOW,-2.0002,HOLD
GOOGL,2026-01-15,332.78,68.39,INSIDE,1.407,HOLD
AMZN,2026-01-15,238.18,53.83,INSIDE,0.4822,HOLD
META,2026-01-15,620.8,37.18,BELOW,-4.7505,HOLD
NVDA,2026-01-15,187.05,53.19,INSIDE,-0.1478,HOLD
TSLA,2026-01-15,438.57,44.87,INSIDE,-2.7383,HOLD
INTC,2026-01-15,48.32,71.54,INSIDE,1.1268,HOLD
AMD,2026-01-15,227.92,59.9,INSIDE,1.7651,HOLD
IBM,2026-01-15,297.95,46.11,INSIDE,0.2332,HOLD
ORCL,2026-01-15,189.85,41.99,INSIDE,1.3729,HOLD
NFLX,2026-01-15,88.05,27.09,INSIDE,0.1597,HOLD
PLTR,2026-01-15,177.07,46.55,INSIDE,-0.6347,HOLD
SNOW,2026-01-15,207.74,36.41,INSIDE,-0.9594,HOLD
SHOP,2026-01-15,157.99,43.42,INSIDE,-1.1153,HOLD
COIN,2026-01-15,239.28,43.23,INSIDE,2.3898,HOLD
ROKU,2026-01-15,104.97,43.84,BELOW,-0.9397,HOLD
U,2026-01-15,43.98,47.86,INSIDE,-0.3459,HOLD
CRWD,2026-01-15,455.0,37.49,INSIDE,0.3281,HOLD
ZS,2026-01-15,210.58,27.44,BELOW,0.6527,BUY
RIVN,2026-01-15,17.06,37.4,BELOW,-0.4733,HOLD
LCID,2026-01-15,10.05,32.81,BELOW,0.044,HOLD
BTC-USD,2026-01-16,95525.12,63.81,INSIDE,611.8931,HOLD
AAPL,2026-01-15,258.21,28.44,INSIDE,-1.1116,HOLD
MSFT,2026-01-15,456.66,30.06,BELOW,-2.0002,HOLD
GOOGL,2026-01-15,332.78,68.39,INSIDE,1.407,HOLD
AMZN,2026-01-15,238.18,53.83,INSIDE,0.4822,HOLD
META,2026-01-15,620.8,37.18,BELOW,-4.7505,HOLD
NVDA,2026-01-15,187.05,53.19,INSIDE,-0.1478,HOLD
TSLA,2026-01-15,438.57,44.87,INSIDE,-2.7383,HOLD
INTC,2026-01-15,48.32,71.54,INSIDE,1.1268,HOLD
AMD,2026-01-15,227.92,59.9,INSIDE,1.7651,HOLD
IBM,2026-01-15,297.95,46.11,INSIDE,0.2332,HOLD
ORCL,2026-01-15,189.85,41.99,INSIDE,1.3729,HOLD
NFLX,2026-01-15,88.05,27.09,INSIDE,0.1597,HOLD
PLTR,2026-01-15,177.07,46.55,INSIDE,-0.6347,HOLD
SNOW,2026-01-15,207.74,36.41,INSIDE,-0.9594,HOLD
SHOP,2026-01-15,157.99,43.42,INSIDE,-1.1153,HOLD
COIN,2026-01-15,239.28,43.23,INSIDE,2.3898,HOLD
ROKU,2026-01-15,104.97,43.84,BELOW,-0.9397,HOLD
U,2026-01-15,43.98,47.86,INSIDE,-0.3459,HOLD
CRWD,2026-01-15,455.0,37.49,INSIDE,0.3281,HOLD
ZS,2026-01-15,210.58,27.44,BELOW,0.6527,BUY
RIVN,2026-01-15,17.06,37.4,BELOW,-0.4733,HOLD
LCID,2026-01-15,10.05,32.81,BELOW,0.044,HOLD
BTC-USD,2026-01-17,95099.92,61.93,INSIDE,522.983,HOLD
AAPL,2026-01-15,258.21,28.44,INSIDE,-1.1116,HOLD
MSFT,2026-01-15,456.66,30.06,BELOW,-2.0002,HOLD
GOOGL,2026-01-15,332.78,68.39,INSIDE,1.407,HOLD
AMZN,2026-01-15,238.18,53.83,INSIDE,0.4822,HOLD
META,2026-01-15,620.8,37.18,BELOW,-4.7505,HOLD
NVDA,2026-01-15,187.05,53.19,INSIDE,-0.1478,HOLD
TSLA,2026-01-15,438.57,44.87,INSIDE,-2.7383,HOLD
INTC,2026-01-15,48.32,71.54,INSIDE,1.1268,HOLD
AMD,2026-01-15,227.92,59.9,INSIDE,1.7651,HOLD
IBM,2026-01-15,297.95,46.11,INSIDE,0.2332,HOLD
ORCL,2026-01-15,189.85,41.99,INSIDE,1.3729,HOLD
NFLX,2026-01-15,88.05,27.09,INSIDE,0.1597,HOLD
PLTR,2026-01-15,177.07,46.55,INSIDE,-0.6347,HOLD
SNOW,2026-01-15,207.74,36.41,INSIDE,-0.9594,HOLD
SHOP,2026-01-15,157.99,43.42,INSIDE,-1.1153,HOLD
COIN,2026-01-15,239.28,43.23,INSIDE,2.3898,HOLD
ROKU,2026-01-15,104.97,43.84,BELOW,-0.9397,HOLD
U,2026-01-15,43.98,47.86,INSIDE,-0.3459,HOLD
CRWD,2026-01-15,455.0,37.49,INSIDE,0.3281,HOLD
ZS,2026-01-15,210.58,27.44,BELOW,0.6527,BUY
RIVN,2026-01-15,17.06,37.4,BELOW,-0.4733,HOLD
LCID,2026-01-15,10.05,32.81,BELOW,0.044,HOLD
BTC-USD,2026-01-18,93634.43,55.83,INSIDE,337.0984,HOLD
AAPL,2026-01-16,255.53,25.18,INSIDE,-1.1407,HOLD
MSFT,2026-01-16,459.86,33.83,INSIDE,-2.0768,HOLD
GOOGL,2026-01-16,330.0,64.04,INSIDE,0.9331,HOLD
AMZN,2026-01-16,239.12,54.96,INSIDE,0.2204,HOLD
META,2026-01-16,620.25,36.98,INSIDE,-4.734,HOLD
NVDA,2026-01-16,186.23,51.79,INSIDE,-0.1222,HOLD
TSLA,2026-01-16,437.5,44.39,INSIDE,-2.5396,HOLD
INTC,2026-01-16,46.96,66.19,INSIDE,0.9649,HOLD
AMD,2026-01-16,231.83,62.39,ABOVE,2.3719,HOLD
IBM,2026-01-16,305.67,52.2,INSIDE,0.3546,HOLD
ORCL,2026-01-16,191.09,43.18,INSIDE,1.0301,HOLD
NFLX,2026-01-16,88.0,26.98,INSIDE,0.1503,HOLD
PLTR,2026-01-16,170.96,40.71,INSIDE,-0.9748,HOLD
SNOW,2026-01-16,210.38,39.15,INSIDE,-0.8765,HOLD
SHOP,2026-01-16,155.81,41.27,BELOW,-1.4136,HOLD
COIN,2026-01-16,241.15,44.42,INSIDE,1.9118,HOLD
ROKU,2026-01-16,103.66,41.58,BELOW,-1.172,HOLD
U,2026-01-16,40.95,39.96,BELOW,-0.5327,HOLD
CRWD,2026-01-16,453.88,37.03,INSIDE,0.0575,HOLD
ZS,2026-01-16,213.98,32.5,INSIDE,0.7558,HOLD
RIVN,2026-01-16,16.67,35.59,BELOW,-0.5246,HOLD
LCID,2026-01-16,10.12,33.74,BELOW,0.014,HOLD
BTC-USD,2026-01-19,92553.59,51.77,INSIDE,123.9558,HOLD
AAPL,2026-01-20,246.7,17.91,BELOW,-1.6345,BUY
MSFT,2026-01-20,454.52,30.84,BELOW,-2.3164,HOLD
GOOGL,2026-01-20,322.0,53.5,INSIDE,0.0174,HOLD
AMZN,2026-01-20,231.0,44.72,INSIDE,-0.499,HOLD
META,2026-01-20,604.12,31.7,BELOW,-5.4795,HOLD
NVDA,2026-01-20,178.07,40.44,BELOW,-0.627,HOLD
TSLA,2026-01-20,419.25,37.16,INSIDE,-3.4379,HOLD
INTC,2026-01-20,48.56,69.12,INSIDE,0.9005,HOLD
AMD,2026-01-20,231.92,62.45,INSIDE,2.6413,HOLD
IBM,2026-01-20,291.35,42.59,INSIDE,-0.5021,HOLD
ORCL,2026-01-20,179.92,36.0,BELOW,0.0904,HOLD
NFLX,2026-01-20,87.26,25.4,INSIDE,0.1188,HOLD
PLTR,2026-01-20,168.53,38.63,INSIDE,-1.2873,HOLD
SNOW,2026-01-20,206.21,36.48,INSIDE,-0.9984,HOLD
SHOP,2026-01-20,144.5,32.35,BELOW,-2.2572,HOLD
COIN,2026-01-20,227.73,38.22,INSIDE,0.7174,HOLD
ROKU,2026-01-20,102.75,40.04,BELOW,-1.3305,HOLD
U,2026-01-20,41.54,41.97,BELOW,-0.5875,HOLD
CRWD,2026-01-20,442.73,32.75,BELOW,-0.7296,HOLD
ZS,2026-01-20,206.32,27.8,BELOW,0.3906,BUY
RIVN,2026-01-20,16.16,33.31,BELOW,-0.5655,HOLD
LCID,2026-01-20,9.73,31.14,BELOW,-0.0242,HOLD
BTC-USD,2026-01-20,88310.91,39.61,INSIDE,-297.1626,HOLD
AAPL,2026-01-21,247.65,20.57,INSIDE,-1.7659,HOLD
MSFT,2026-01-21,444.11,26.02,BELOW,-2.9639,BUY
GOOGL,2026-01-21,328.38,59.26,INSIDE,-0.2096,HOLD
AMZN,2026-01-21,231.31,45.14,INSIDE,-0.9284,HOLD
META,2026-01-21,612.96,37.01,INSIDE,-5.0575,HOLD
NVDA,2026-01-21,183.32,48.29,INSIDE,-0.5806,HOLD
TSLA,2026-01-21,431.44,43.75,INSIDE,-3.0263,HOLD
INTC,2026-01-21,54.25,76.81,ABOVE,1.1594,SELL
AMD,2026-01-21,249.8,71.73,ABOVE,3.8144,SELL
IBM,2026-01-21,297.54,47.12,INSIDE,-0.6168,HOLD
ORCL,2026-01-21,173.88,32.82,BELOW,-0.847,HOLD
NFLX,2026-01-21,85.36,21.85,BELOW,0.0008,BUY
PLTR,2026-01-21,165.33,36.03,INSIDE,-1.6124,HOLD
SNOW,2026-01-21,206.5,36.8,INSIDE,-0.9553,HOLD
SHOP,2026-01-21,138.54,28.81,BELOW,-3.0516,BUY
COIN,2026-01-21,226.93,37.88,INSIDE,-0.0597,HOLD
ROKU,2026-01-21,104.26,43.77,INSIDE,-1.2769,HOLD
U,2026-01-21,41.99,43.52,INSIDE,-0.5643,HOLD
CRWD,2026-01-21,445.88,35.04,INSIDE,-0.8847,HOLD
ZS,2026-01-21,208.66,31.08,INSIDE,0.3882,HOLD
RIVN,2026-01-21,16.47,36.2,INSIDE,-0.5438,HOLD
LCID,2026-01-21,11.47,49.74,INSIDE,0.0704,HOLD
BTC-USD,2026-01-21,89376.96,43.22,INSIDE,-487.0918,HOLD
AAPL,2026-01-22,248.35,22.56,INSIDE,-1.675,HOLD
MSFT,2026-01-22,451.14,33.58,INSIDE,-2.7135,HOLD
GOOGL,2026-01-22,330.54,61.02,INSIDE,-0.2618,HOLD
AMZN,2026-01-22,234.34,49.21,INSIDE,-0.9778,HOLD
META,2026-01-22,647.63,52.57,INSIDE,-2.2659,HOLD
NVDA,2026-01-22,184.84,50.34,INSIDE,-0.4279,HOLD
TSLA,2026-01-22,449.36,51.76,INSIDE,-1.4425,HOLD
INTC,2026-01-22,54.32,76.88,INSIDE,1.2461,HOLD
AMD,2026-01-22,253.73,73.29,ABOVE,4.5935,SELL
IBM,2026-01-22,294.67,45.34,INSIDE,-0.8372,HOLD
ORCL,2026-01-22,178.18,37.08,INSIDE,-1.0719,HOLD
NFLX,2026-01-22,83.54,19.1,BELOW,-0.1601,BUY
PLTR,2026-01-22,165.9,36.85,INSIDE,-1.6841,HOLD
SNOW,2026-01-22,211.13,41.88,INSIDE,-0.532,HOLD
SHOP,2026-01-22,137.64,28.31,BELOW,-3.4438,BUY
COIN,2026-01-22,223.14,36.24,INSIDE,-0.7252,HOLD
ROKU,2026-01-22,107.23,50.32,INSIDE,-0.9972,HOLD
U,2026-01-22,42.13,44.02,INSIDE,-0.5119,HOLD
CRWD,2026-01-22,453.77,40.49,INSIDE,-0.3312,HOLD
ZS,2026-01-22,208.31,30.85,INSIDE,0.4408,HOLD
RIVN,2026-01-22,16.32,35.4,INSIDE,-0.5125,HOLD
LCID,2026-01-22,11.47,49.74,INSIDE,0.1323,HOLD
BTC-USD,2026-01-22,89462.45,43.51,INSIDE,-583.6266,HOLD
AAPL,2026-01-22,248.35,22.56,INSIDE,-1.675,HOLD
MSFT,2026-01-22,451.14,33.58,INSIDE,-2.7135,HOLD
GOOGL,2026-01-22,330.54,61.02,INSIDE,-0.2618,HOLD
AMZN,2026-01-22,234.34,49.21,INSIDE,-0.9778,HOLD
META,2026-01-22,647.63,52.57,INSIDE,-2.2659,HOLD
NVDA,2026-01-22,184.84,50.34,INSIDE,-0.4279,HOLD
TSLA,2026-01-22,449.36,51.76,INSIDE,-1.4425,HOLD
INTC,2026-01-22,54.32,76.88,INSIDE,1.2461,HOLD
AMD,2026-01-22,253.73,73.29,ABOVE,4.5935,SELL
IBM,2026-01-22,294.67,45.34,INSIDE,-0.8372,HOLD
ORCL,2026-01-22,178.18,37.08,INSIDE,-1.0719,HOLD
NFLX,2026-01-22,83.54,19.1,BELOW,-0.1601,BUY
PLTR,2026-01-22,165.9,36.85,INSIDE,-1.6841,HOLD
SNOW,2026-01-22,211.13,41.88,INSIDE,-0.532,HOLD
SHOP,2026-01-22,137.64,28.31,BELOW,-3.4438,BUY
COIN,2026-01-22,223.14,36.24,INSIDE,-0.7252,HOLD
ROKU,2026-01-22,107.23,50.32,INSIDE,-0.9972,HOLD
U,2026-01-22,42.13,44.02,INSIDE,-0.5119,HOLD
CRWD,2026-01-22,453.77,40.49,INSIDE,-0.3312,HOLD
ZS,2026-01-22,208.31,30.85,INSIDE,0.4408,HOLD
RIVN,2026-01-22,16.32,35.4,INSIDE,-0.5125,HOLD
LCID,2026-01-22,11.47,49.74,INSIDE,0.1323,HOLD
BTC-USD,2026-01-23,89503.88,43.67,INSIDE,-618.0454,HOLD
AAPL,2026-01-22,248.35,22.56,INSIDE,-1.675,HOLD
MSFT,2026-01-22,451.14,33.58,INSIDE,-2.7135,HOLD
GOOGL,2026-01-22,330.54,61.02,INSIDE,-0.2618,HOLD
AMZN,2026-01-22,234.34,49.21,INSIDE,-0.9778,HOLD
META,2026-01-22,647.63,52.57,INSIDE,-2.2659,HOLD
NVDA,2026-01-22,184.84,50.34,INSIDE,-0.4279,HOLD
TSLA,2026-01-22,449.36,51.76,INSIDE,-1.4425,HOLD
INTC,2026-01-22,54.32,76.88,INSIDE,1.2461,HOLD
AMD,2026-01-22,253.73,73.29,ABOVE,4.5935,SELL
IBM,2026-01-22,294.67,45.34,INSIDE,-0.8372,HOLD
ORCL,2026-01-22,178.18,37.08,INSIDE,-1.0719,HOLD
NFLX,2026-01-22,83.54,19.1,BELOW,-0.1601,BUY
PLTR,2026-01-22,165.9,36.85,INSIDE,-1.6841,HOLD
SNOW,2026-01-22,211.13,41.88,INSIDE,-0.532,HOLD
SHOP,2026-01-22,137.64,28.31,BELOW,-3.4438,BUY
COIN,2026-01-22,223.14,36.24,INSIDE,-0.7252,HOLD
ROKU,2026-01-22,107.23,50.32,INSIDE,-0.9972,HOLD
U,2026-01-22,42.13,44.02,INSIDE,-0.5119,HOLD
CRWD,2026-01-22,453.77,40.49,INSIDE,-0.3312,HOLD
ZS,2026-01-22,208.31,30.85,INSIDE,0.4408,HOLD
RIVN,2026-01-22,16.32,35.4,INSIDE,-0.5125,HOLD
LCID,2026-01-22,11.47,49.74,INSIDE,0.1323,HOLD
BTC-USD,2026-01-24,89110.73,42.5,INSIDE,-638.051,HOLD
AAPL,2026-01-23,248.04,22.29,INSIDE,-1.5104,HOLD
MSFT,2026-01-23,465.95,46.08,INSIDE,-1.4106,HOLD
GOOGL,2026-01-23,327.93,57.77,INSIDE,-0.5056,HOLD
AMZN,2026-01-23,239.16,54.93,INSIDE,-0.67,HOLD
META,2026-01-23,658.76,56.31,INSIDE,0.3675,HOLD
NVDA,2026-01-23,187.67,53.98,INSIDE,-0.132,HOLD
TSLA,2026-01-23,449.06,51.63,INSIDE,-0.3667,HOLD
INTC,2026-01-23,45.07,52.38,INSIDE,0.6228,HOLD
AMD,2026-01-23,259.68,75.5,ABOVE,5.2032,SELL
IBM,2026-01-23,292.44,43.94,INSIDE,-1.0696,HOLD
ORCL,2026-01-23,177.16,36.49,INSIDE,-1.1757,HOLD
NFLX,2026-01-23,86.12,32.14,INSIDE,-0.0584,HOLD
PLTR,2026-01-23,169.6,42.02,INSIDE,-1.3895,HOLD
SNOW,2026-01-23,209.69,40.78,INSIDE,-0.2787,HOLD
SHOP,2026-01-23,137.89,28.68,INSIDE,-3.482,HOLD
COIN,2026-01-23,216.95,33.67,BELOW,-1.4374,HOLD
ROKU,2026-01-23,106.23,48.28,INSIDE,-0.8415,HOLD
U,2026-01-23,42.34,44.81,INSIDE,-0.4384,HOLD
CRWD,2026-01-23,452.49,39.91,INSIDE,0.053,HOLD
ZS,2026-01-23,209.62,32.82,INSIDE,0.6301,HOLD
RIVN,2026-01-23,15.95,33.44,INSIDE,-0.4897,HOLD
LCID,2026-01-23,11.06,46.32,INSIDE,0.1438,HOLD
BTC-USD,2026-01-25,86572.22,35.87,INSIDE,-783.4324,HOLD
AAPL,2026-01-26,255.41,40.33,INSIDE,-0.8145,HOLD
MSFT,2026-01-26,470.28,49.09,INSIDE,-0.182,HOLD
GOOGL,2026-01-26,333.26,62.2,INSIDE,-0.3488,HOLD
AMZN,2026-01-26,238.42,53.92,INSIDE,-0.5077,HOLD
META,2026-01-26,672.36,60.41,INSIDE,2.9204,HOLD
NVDA,2026-01-26,186.47,52.23,INSIDE,-0.0187,HOLD
TSLA,2026-01-26,435.2,45.8,INSIDE,-0.5301,HOLD
INTC,2026-01-26,42.49,47.8,INSIDE,0.0113,HOLD
AMD,2026-01-26,251.31,67.1,INSIDE,4.7491,HOLD
IBM,2026-01-26,296.33,47.0,INSIDE,-0.9044,HOLD
ORCL,2026-01-26,182.44,41.67,INSIDE,-0.7932,HOLD
NFLX,2026-01-26,85.7,31.26,INSIDE,0.0114,HOLD
PLTR,2026-01-26,167.47,39.99,INSIDE,-1.2498,HOLD
SNOW,2026-01-26,211.27,42.56,INSIDE,0.0482,HOLD
SHOP,2026-01-26,136.31,27.7,INSIDE,-3.4052,HOLD
COIN,2026-01-26,213.48,32.29,INSIDE,-1.9646,HOLD
ROKU,2026-01-26,107.0,49.96,INSIDE,-0.6567,HOLD
U,2026-01-26,43.0,47.34,INSIDE,-0.3257,HOLD
CRWD,2026-01-26,468.33,49.62,INSIDE,1.4034,HOLD
ZS,2026-01-26,214.55,39.76,INSIDE,1.1246,HOLD
RIVN,2026-01-26,15.75,32.39,INSIDE,-0.4616,HOLD
LCID,2026-01-26,10.64,43.06,INSIDE,0.1222,HOLD
BTC-USD,2026-01-26,88267.14,42.34,INSIDE,-727.8221,HOLD
AAPL,2026-01-27,258.27,45.61,INSIDE,-0.1081,HOLD
MSFT,2026-01-27,480.58,55.47,INSIDE,1.317,HOLD
GOOGL,2026-01-27,334.55,63.2,INSIDE,-0.2061,HOLD
AMZN,2026-01-27,244.68,60.5,INSIDE,0.0027,HOLD
META,2026-01-27,672.97,60.59,INSIDE,4.4534,HOLD
NVDA,2026-01-27,188.52,54.92,INSIDE,0.1817,HOLD
TSLA,2026-01-27,430.9,44.13,INSIDE,-0.8504,HOLD
INTC,2026-01-27,43.93,50.4,INSIDE,-0.3042,HOLD
AMD,2026-01-27,252.03,67.43,INSIDE,4.2213,HOLD
IBM,2026-01-27,293.86,45.31,INSIDE,-0.9023,HOLD
ORCL,2026-01-27,174.9,37.03,INSIDE,-0.9425,HOLD
NFLX,2026-01-27,85.58,31.0,INSIDE,0.0766,HOLD
PLTR,2026-01-27,165.7,38.33,INSIDE,-1.1886,HOLD
SNOW,2026-01-27,212.75,44.25,INSIDE,0.3975,HOLD
SHOP,2026-01-27,137.5,29.65,INSIDE,-3.0758,HOLD
COIN,2026-01-27,210.83,31.23,INSIDE,-2.2914,HOLD
ROKU,2026-01-27,104.58,45.01,INSIDE,-0.6656,HOLD
U,2026-01-27,41.25,41.87,INSIDE,-0.3474,HOLD
CRWD,2026-01-27,476.66,53.84,INSIDE,2.8061,HOLD
ZS,2026-01-27,219.67,46.0,INSIDE,1.7942,HOLD
RIVN,2026-01-27,15.27,29.97,INSIDE,-0.4483,HOLD
LCID,2026-01-27,11.0,46.54,INSIDE,0.1304,HOLD
BTC-USD,2026-01-27,89102.57,45.27,INSIDE,-602.3413,HOLD
AAPL,2026-01-28,256.44,42.99,INSIDE,0.2687,HOLD
MSFT,2026-01-28,481.63,56.08,INSIDE,2.3137,HOLD
GOOGL,2026-01-28,336.01,64.36,INSIDE,-0.0685,HOLD
AMZN,2026-01-28,243.01,58.12,INSIDE,0.1985,HOLD
META,2026-01-28,668.73,58.61,INSIDE,4.9472,HOLD
NVDA,2026-01-28,191.52,58.59,INSIDE,0.4863,HOLD
TSLA,2026-01-28,431.46,44.41,INSIDE,-0.9401,HOLD
INTC,2026-01-28,48.78,58.01,INSIDE,-0.1994,HOLD
AMD,2026-01-28,252.74,67.78,INSIDE,3.6647,HOLD
IBM,2026-01-28,294.16,45.57,INSIDE,-0.8238,HOLD
ORCL,2026-01-28,172.8,35.83,INSIDE,-1.0678,HOLD
NFLX,2026-01-28,84.64,28.95,INSIDE,0.0829,HOLD
PLTR,2026-01-28,157.35,31.66,BELOW,-1.597,HOLD
SNOW,2026-01-28,216.0,47.88,INSIDE,0.8546,HOLD
SHOP,2026-01-28,138.92,32.01,INSIDE,-2.5837,HOLD
COIN,2026-01-28,209.43,30.67,INSIDE,-2.3905,HOLD
ROKU,2026-01-28,100.84,38.63,INSIDE,-0.878,HOLD
U,2026-01-28,40.16,38.87,INSIDE,-0.4093,HOLD
CRWD,2026-01-28,469.19,49.81,INSIDE,3.1534,HOLD
ZS,2026-01-28,213.95,40.9,INSIDE,1.8425,HOLD
RIVN,2026-01-28,15.2,29.62,INSIDE,-0.4179,HOLD
LCID,2026-01-28,10.91,45.78,INSIDE,0.128,HOLD
BTC-USD,2026-01-28,89184.57,45.56,INSIDE,-486.3542,HOLD
AAPL,2026-01-29,258.28,46.32,INSIDE,0.6529,HOLD
MSFT,2026-01-29,433.5,33.58,BELOW,-0.2006,HOLD
GOOGL,2026-01-29,338.25,66.12,INSIDE,0.1087,HOLD
AMZN,2026-01-29,241.73,56.29,INSIDE,0.2113,HOLD
META,2026-01-29,738.31,73.76,ABOVE,9.4634,SELL
NVDA,2026-01-29,192.51,59.75,INSIDE,0.7109,HOLD
TSLA,2026-01-29,416.56,38.77,BELOW,-1.865,HOLD
INTC,2026-01-29,48.66,57.77,INSIDE,-0.1532,HOLD
AMD,2026-01-29,252.18,67.17,INSIDE,3.0298,HOLD
IBM,2026-01-29,309.24,56.59,INSIDE,0.2435,HOLD
ORCL,2026-01-29,169.01,33.71,INSIDE,-1.277,HOLD
NFLX,2026-01-29,83.16,26.03,INSIDE,0.0174,HOLD
PLTR,2026-01-29,151.86,28.19,BELOW,-2.0922,BUY
SNOW,2026-01-29,199.37,35.24,INSIDE,0.0847,HOLD
SHOP,2026-01-29,143.64,39.29,INSIDE,-1.7989,HOLD
COIN,2026-01-29,199.18,26.81,BELOW,-2.9011,BUY
ROKU,2026-01-29,100.46,38.05,INSIDE,-0.9905,HOLD
U,2026-01-29,38.4,34.55,BELOW,-0.5351,HOLD
CRWD,2026-01-29,444.62,39.36,INSIDE,1.7225,HOLD
ZS,2026-01-29,200.63,32.01,BELOW,1.0097,HOLD
RIVN,2026-01-29,15.17,29.46,INSIDE,-0.3748,HOLD
LCID,2026-01-29,11.33,49.86,INSIDE,0.1512,HOLD
BTC-USD,2026-01-29,84561.59,34.4,INSIDE,-681.5503,HOLD
AAPL,2026-01-29,258.28,46.32,INSIDE,0.6529,HOLD
MSFT,2026-01-29,433.5,33.58,BELOW,-0.2006,HOLD
GOOGL,2026-01-29,338.25,66.12,INSIDE,0.1087,HOLD
AMZN,2026-01-29,241.73,56.29,INSIDE,0.2113,HOLD
META,2026-01-29,738.31,73.76,ABOVE,9.4634,SELL
NVDA,2026-01-29,192.51,59.75,INSIDE,0.7109,HOLD
TSLA,2026-01-29,416.56,38.77,BELOW,-1.865,HOLD
INTC,2026-01-29,48.66,57.77,INSIDE,-0.1532,HOLD
AMD,2026-01-29,252.18,67.17,INSIDE,3.0298,HOLD
IBM,2026-01-29,309.24,56.59,INSIDE,0.2435,HOLD
ORCL,2026-01-29,169.01,33.71,INSIDE,-1.277,HOLD
NFLX,2026-01-29,83.16,26.03,INSIDE,0.0174,HOLD
PLTR,2026-01-29,151.86,28.19,BELOW,-2.0922,BUY
SNOW,2026-01-29,199.37,35.24,INSIDE,0.0847,HOLD
SHOP,2026-01-29,143.64,39.29,INSIDE,-1.7989,HOLD
COIN,2026-01-29,199.18,26.81,BELOW,-2.9011,BUY
ROKU,2026-01-29,100.46,38.05,INSIDE,-0.9905,HOLD
U,2026-01-29,38.4,34.55,BELOW,-0.5351,HOLD
CRWD,2026-01-29,444.62,39.36,INSIDE,1.7225,HOLD
ZS,2026-01-29,200.63,32.01,BELOW,1.0097,HOLD
RIVN,2026-01-29,15.17,29.46,INSIDE,-0.3748,HOLD
LCID,2026-01-29,11.33,49.86,INSIDE,0.1512,HOLD
BTC-USD,2026-01-30,84128.66,33.57,INSIDE,-792.6047,HOLD
AAPL,2026-01-29,258.28,46.32,INSIDE,0.6529,HOLD
MSFT,2026-01-29,433.5,33.58,BELOW,-0.2006,HOLD
GOOGL,2026-01-29,338.25,66.12,INSIDE,0.1087,HOLD
AMZN,2026-01-29,241.73,56.29,INSIDE,0.2113,HOLD
META,2026-01-29,738.31,73.76,ABOVE,9.4634,SELL
NVDA,2026-01-29,192.51,59.75,INSIDE,0.7109,HOLD
TSLA,2026-01-29,416.56,38.77,BELOW,-1.865,HOLD
INTC,2026-01-29,48.66,57.77,INSIDE,-0.1532,HOLD
AMD,2026-01-29,252.18,67.17,INSIDE,3.0298,HOLD
IBM,2026-01-29,309.24,56.59,INSIDE,0.2435,HOLD
ORCL,2026-01-29,169.01,33.71,INSIDE,-1.277,HOLD
NFLX,2026-01-29,83.16,26.03,INSIDE,0.0174,HOLD
PLTR,2026-01-29,151.86,28.19,BELOW,-2.0922,BUY
SNOW,2026-01-29,199.37,35.24,INSIDE,0.0847,HOLD
SHOP,2026-01-29,143.64,39.29,INSIDE,-1.7989,HOLD
COIN,2026-01-29,199.18,26.81,BELOW,-2.9011,BUY
ROKU,2026-01-29,100.46,38.05,INSIDE,-0.9905,HOLD
U,2026-01-29,38.4,34.55,BELOW,-0.5351,HOLD
CRWD,2026-01-29,444.62,39.36,INSIDE,1.7225,HOLD
ZS,2026-01-29,200.63,32.01,BELOW,1.0097,HOLD
RIVN,2026-01-29,15.17,29.46,INSIDE,-0.3748,HOLD
LCID,2026-01-29,11.33,49.86,INSIDE,0.1512,HOLD
BTC-USD,2026-01-31,78621.12,25.24,BELOW,-1167.1423,BUY
AAPL,2026-01-30,259.48,48.44,INSIDE,0.9793,HOLD
MSFT,2026-01-30,430.29,32.64,BELOW,-1.9165,HOLD
GOOGL,2026-01-30,338.0,65.73,INSIDE,0.1422,HOLD
AMZN,2026-01-30,239.3,52.88,INSIDE,0.0348,HOLD
META,2026-01-30,716.5,65.65,ABOVE,10.4102,HOLD
NVDA,2026-01-30,191.13,57.33,INSIDE,0.7207,HOLD
TSLA,2026-01-30,430.41,45.68,INSIDE,-1.4261,HOLD
INTC,2026-01-30,46.47,53.49,INSIDE,-0.2781,HOLD
AMD,2026-01-30,236.73,52.97,INSIDE,1.422,HOLD
IBM,2026-01-30,306.7,54.58,INSIDE,0.7497,HOLD
ORCL,2026-01-30,164.58,31.37,INSIDE,-1.5657,HOLD
NFLX,2026-01-30,83.49,27.78,INSIDE,0.0258,HOLD
PLTR,2026-01-30,146.59,25.32,BELOW,-2.5971,BUY
SNOW,2026-01-30,192.7,31.64,BELOW,-0.7785,HOLD
SHOP,2026-01-30,131.23,30.15,INSIDE,-1.9609,HOLD
COIN,2026-01-30,194.74,25.33,BELOW,-3.2653,BUY
ROKU,2026-01-30,95.2,30.99,BELOW,-1.3436,HOLD
U,2026-01-30,29.1,21.17,BELOW,-1.1741,BUY
CRWD,2026-01-30,441.4,38.24,INSIDE,0.611,HOLD
ZS,2026-01-30,200.01,31.66,INSIDE,0.4764,HOLD
RIVN,2026-01-30,14.75,27.27,INSIDE,-0.3501,HOLD
LCID,2026-01-30,11.07,47.48,INSIDE,0.1456,HOLD
BTC-USD,2026-02-02,78688.77,29.24,INSIDE,-1412.2674,HOLD
AAPL,2026-01-30,259.48,48.44,INSIDE,0.9793,HOLD
MSFT,2026-01-30,430.29,32.64,BELOW,-1.9165,HOLD
GOOGL,2026-01-30,338.0,65.73,INSIDE,0.1422,HOLD
AMZN,2026-01-30,239.3,52.88,INSIDE,0.0348,HOLD
META,2026-01-30,716.5,65.65,ABOVE,10.4102,HOLD
NVDA,2026-01-30,191.13,57.33,INSIDE,0.7207,HOLD
TSLA,2026-01-30,430.41,45.68,INSIDE,-1.4261,HOLD
INTC,2026-01-30,46.47,53.49,INSIDE,-0.2781,HOLD
AMD,2026-01-30,236.73,52.97,INSIDE,1.422,HOLD
IBM,2026-01-30,306.7,54.58,INSIDE,0.7497,HOLD
ORCL,2026-01-30,164.58,31.37,INSIDE,-1.5657,HOLD
NFLX,2026-01-30,83.49,27.78,INSIDE,0.0258,HOLD
PLTR,2026-01-30,146.59,25.32,BELOW,-2.5971,BUY
SNOW,2026-01-30,192.7,31.64,BELOW,-0.7785,HOLD
SHOP,2026-01-30,131.23,30.15,INSIDE,-1.9609,HOLD
COIN,2026-01-30,194.74,25.33,BELOW,-3.2653,BUY
ROKU,2026-01-30,95.2,30.99,BELOW,-1.3436,HOLD
U,2026-01-30,29.1,21.17,BELOW,-1.1741,BUY
CRWD,2026-01-30,441.4,38.24,INSIDE,0.611,HOLD
ZS,2026-01-30,200.01,31.66,INSIDE,0.4764,HOLD
RIVN,2026-01-30,14.75,27.27,INSIDE,-0.3501,HOLD
LCID,2026-01-30,11.07,47.48,INSIDE,0.1456,HOLD
BTC-USD,2026-02-02,78688.77,29.24,INSIDE,-1412.2674,HOLD
AAPL,2026-01-30,259.48,48.44,INSIDE,0.9793,HOLD
MSFT,2026-01-30,430.29,32.64,BELOW,-1.9165,HOLD
GOOGL,2026-01-30,338.0,65.73,INSIDE,0.1422,HOLD
AMZN,2026-01-30,239.3,52.88,INSIDE,0.0348,HOLD
META,2026-01-30,716.5,65.65,ABOVE,10.4102,HOLD
NVDA,2026-01-30,191.13,57.33,INSIDE,0.7207,HOLD
TSLA,2026-01-30,430.41,45.68,INSIDE,-1.4261,HOLD
INTC,2026-01-30,46.47,53.49,INSIDE,-0.2781,HOLD
AMD,2026-01-30,236.73,52.97,INSIDE,1.422,HOLD
IBM,2026-01-30,306.7,54.58,INSIDE,0.7497,HOLD
ORCL,2026-01-30,164.58,31.37,INSIDE,-1.5657,HOLD
NFLX,2026-01-30,83.49,27.78,INSIDE,0.0258,HOLD
PLTR,2026-01-30,146.59,25.32,BELOW,-2.5971,BUY
SNOW,2026-01-30,192.7,31.64,BELOW,-0.7785,HOLD
SHOP,2026-01-30,131.23,30.15,INSIDE,-1.9609,HOLD
COIN,2026-01-30,194.74,25.33,BELOW,-3.2653,BUY
ROKU,2026-01-30,95.2,30.99,BELOW,-1.3436,HOLD
U,2026-01-30,29.1,21.17,BELOW,-1.1741,BUY
CRWD,2026-01-30,441.4,38.24,INSIDE,0.611,HOLD
ZS,2026-01-30,200.01,31.66,INSIDE,0.4764,HOLD
RIVN,2026-01-30,14.75,27.27,INSIDE,-0.3501,HOLD
LCID,2026-01-30,11.07,47.48,INSIDE,0.1456,HOLD
BTC-USD,2026-02-02,78688.77,29.24,INSIDE,-1412.2674,HOLD
AAPL,2026-02-04,276.49,68.14,ABOVE,2.9344,HOLD
MSFT,2026-02-04,414.19,29.4,INSIDE,-5.0233,HOLD
GOOGL,2026-02-04,333.04,55.31,INSIDE,-0.2572,HOLD
AMZN,2026-02-04,232.99,44.83,INSIDE,-0.623,HOLD
META,2026-02-04,668.99,51.13,INSIDE,4.8116,HOLD
NVDA,2026-02-04,174.19,36.3,BELOW,-1.0429,HOLD
TSLA,2026-02-04,406.01,36.98,BELOW,-2.4134,HOLD
INTC,2026-02-04,48.6,56.41,INSIDE,-0.1723,HOLD
AMD,2026-02-04,200.19,34.85,INSIDE,-3.0478,HOLD
IBM,2026-02-04,289.05,43.2,INSIDE,-0.2398,HOLD
ORCL,2026-02-04,146.67,23.58,BELOW,-2.8343,BUY
NFLX,2026-02-04,80.16,22.71,INSIDE,-0.1963,HOLD
PLTR,2026-02-04,139.54,29.78,BELOW,-2.4073,BUY
SNOW,2026-02-04,165.29,21.15,BELOW,-3.8571,BUY
SHOP,2026-02-04,114.02,22.55,INSIDE,-2.9826,HOLD
COIN,2026-02-04,168.62,18.31,BELOW,-4.8229,BUY
ROKU,2026-02-04,92.13,28.73,BELOW,-1.6381,BUY
U,2026-02-04,24.94,17.59,BELOW,-1.9846,BUY
CRWD,2026-02-04,415.36,30.04,BELOW,-2.893,HOLD
ZS,2026-02-04,185.79,24.96,BELOW,-1.2336,BUY
RIVN,2026-02-04,14.37,25.39,INSIDE,-0.2546,HOLD
LCID,2026-02-04,10.38,42.36,INSIDE,0.0435,HOLD
BTC-USD,2026-02-04,73019.7,22.8,BELOW,-1630.0566,BUY
AAPL,2026-02-05,275.91,67.11,ABOVE,3.1695,HOLD
MSFT,2026-02-05,393.67,24.56,BELOW,-6.2066,BUY
GOOGL,2026-02-05,331.25,53.22,INSIDE,-0.7822,HOLD
AMZN,2026-02-05,222.69,35.96,BELOW,-1.5919,HOLD
META,2026-02-05,670.21,51.45,INSIDE,2.6216,HOLD
NVDA,2026-02-05,171.88,34.31,BELOW,-1.6205,HOLD
TSLA,2026-02-05,397.21,34.31,BELOW,-3.3382,HOLD
INTC,2026-02-05,48.24,55.6,INSIDE,-0.2172,HOLD
AMD,2026-02-05,192.5,32.46,INSIDE,-5.4522,HOLD
IBM,2026-02-05,289.89,43.78,INSIDE,-0.7411,HOLD
ORCL,2026-02-05,136.48,20.31,BELOW,-3.6094,BUY
NFLX,2026-02-05,80.87,26.54,INSIDE,-0.1413,HOLD
PLTR,2026-02-05,130.01,25.98,BELOW,-3.1675,BUY
SNOW,2026-02-05,156.71,18.91,BELOW,-4.8546,BUY
SHOP,2026-02-05,111.24,21.49,INSIDE,-3.2701,HOLD
COIN,2026-02-05,146.12,14.39,BELOW,-6.3063,BUY
ROKU,2026-02-05,86.05,23.2,BELOW,-1.9839,BUY
U,2026-02-05,23.21,16.28,BELOW,-2.0619,BUY
CRWD,2026-02-05,377.16,22.08,BELOW,-5.8286,BUY
ZS,2026-02-05,169.39,19.32,BELOW,-2.4977,BUY
RIVN,2026-02-05,13.73,22.23,INSIDE,-0.2484,HOLD
LCID,2026-02-05,9.53,36.17,BELOW,-0.0233,HOLD
BTC-USD,2026-02-05,62702.1,15.73,BELOW,-2261.4938,BUY
AAPL,2026-02-05,275.91,67.11,ABOVE,3.1695,HOLD
MSFT,2026-02-05,393.67,24.56,BELOW,-6.2066,BUY
GOOGL,2026-02-05,331.25,53.22,INSIDE,-0.7822,HOLD
AMZN,2026-02-05,222.69,35.96,BELOW,-1.5919,HOLD
META,2026-02-05,670.21,51.45,INSIDE,2.6216,HOLD
NVDA,2026-02-05,171.88,34.31,BELOW,-1.6205,HOLD
TSLA,2026-02-05,397.21,34.31,BELOW,-3.3382,HOLD
INTC,2026-02-05,48.24,55.6,INSIDE,-0.2172,HOLD
AMD,2026-02-05,192.5,32.46,INSIDE,-5.4522,HOLD
IBM,2026-02-05,289.89,43.78,INSIDE,-0.7411,HOLD
ORCL,2026-02-05,136.48,20.31,BELOW,-3.6094,BUY
NFLX,2026-02-05,80.87,26.54,INSIDE,-0.1413,HOLD
PLTR,2026-02-05,130.01,25.98,BELOW,-3.1675,BUY
SNOW,2026-02-05,156.71,18.91,BELOW,-4.8546,BUY
SHOP,2026-02-05,111.24,21.49,INSIDE,-3.2701,HOLD
COIN,2026-02-05,146.12,14.39,BELOW,-6.3063,BUY
ROKU,2026-02-05,86.05,23.2,BELOW,-1.9839,BUY
U,2026-02-05,23.21,16.28,BELOW,-2.0619,BUY
CRWD,2026-02-05,377.16,22.08,BELOW,-5.8286,BUY
ZS,2026-02-05,169.39,19.32,BELOW,-2.4977,BUY
RIVN,2026-02-05,13.73,22.23,INSIDE,-0.2484,HOLD
LCID,2026-02-05,9.53,36.17,BELOW,-0.0233,HOLD
BTC-USD,2026-02-06,70555.39,32.8,INSIDE,-2011.0869,HOLD
AAPL,2026-02-05,275.91,67.11,ABOVE,3.1695,HOLD
MSFT,2026-02-05,393.67,24.56,BELOW,-6.2066,BUY
GOOGL,2026-02-05,331.25,53.22,INSIDE,-0.7822,HOLD
AMZN,2026-02-05,222.69,35.96,BELOW,-1.5919,HOLD
META,2026-02-05,670.21,51.45,INSIDE,2.6216,HOLD
NVDA,2026-02-05,171.88,34.31,BELOW,-1.6205,HOLD
TSLA,2026-02-05,397.21,34.31,BELOW,-3.3382,HOLD
INTC,2026-02-05,48.24,55.6,INSIDE,-0.2172,HOLD
AMD,2026-02-05,192.5,32.46,INSIDE,-5.4522,HOLD
IBM,2026-02-05,289.89,43.78,INSIDE,-0.7411,HOLD
ORCL,2026-02-05,136.48,20.31,BELOW,-3.6094,BUY
NFLX,2026-02-05,80.87,26.54,INSIDE,-0.1413,HOLD
PLTR,2026-02-05,130.01,25.98,BELOW,-3.1675,BUY
SNOW,2026-02-05,156.71,18.91,BELOW,-4.8546,BUY
SHOP,2026-02-05,111.24,21.49,INSIDE,-3.2701,HOLD
COIN,2026-02-05,146.12,14.39,BELOW,-6.3063,BUY
ROKU,2026-02-05,86.05,23.2,BELOW,-1.9839,BUY
U,2026-02-05,23.21,16.28,BELOW,-2.0619,BUY
CRWD,2026-02-05,377.16,22.08,BELOW,-5.8286,BUY
ZS,2026-02-05,169.39,19.32,BELOW,-2.4977,BUY
RIVN,2026-02-05,13.73,22.23,INSIDE,-0.2484,HOLD
LCID,2026-02-05,9.53,36.17,BELOW,-0.0233,HOLD
BTC-USD,2026-02-07,69281.97,31.68,INSIDE,-1798.9457,HOLD
AAPL,2026-02-06,278.12,69.03,INSIDE,3.3093,HOLD
MSFT,2026-02-06,401.14,29.13,INSIDE,-6.0438,HOLD
GOOGL,2026-02-06,322.86,44.72,INSIDE,-1.6613,HOLD
AMZN,2026-02-06,210.32,28.63,BELOW,-2.9186,BUY
META,2026-02-06,661.46,49.02,INSIDE,0.4761,HOLD
NVDA,2026-02-06,185.41,51.14,INSIDE,-1.0355,HOLD
TSLA,2026-02-06,411.11,41.49,INSIDE,-2.7952,HOLD
INTC,2026-02-06,50.59,59.65,INSIDE,-0.1036,HOLD
AMD,2026-02-06,208.44,41.43,INSIDE,-5.7075,HOLD
IBM,2026-02-06,298.93,49.68,INSIDE,-0.432,HOLD
ORCL,2026-02-06,142.82,27.09,INSIDE,-3.4155,HOLD
NFLX,2026-02-06,82.2,33.22,INSIDE,0.0157,HOLD
PLTR,2026-02-06,135.9,31.77,INSIDE,-3.041,HOLD
SNOW,2026-02-06,168.43,29.83,INSIDE,-4.397,HOLD
SHOP,2026-02-06,112.05,22.63,INSIDE,-3.1548,HOLD
COIN,2026-02-06,165.12,28.36,INSIDE,-5.5553,HOLD
ROKU,2026-02-06,85.85,23.04,BELOW,-2.0902,BUY
U,2026-02-06,25.11,23.06,INSIDE,-1.8563,HOLD
CRWD,2026-02-06,395.5,31.47,INSIDE,-6.089,HOLD
ZS,2026-02-06,167.33,18.74,BELOW,-3.201,BUY
RIVN,2026-02-06,14.8,36.46,INSIDE,-0.1549,HOLD
LCID,2026-02-06,10.86,48.78,INSIDE,0.0246,HOLD
BTC-USD,2026-02-08,70264.73,33.57,INSIDE,-1473.8254,HOLD
AAPL,2026-02-09,274.62,63.22,INSIDE,3.0237,HOLD
MSFT,2026-02-09,413.6,36.1,INSIDE,-4.7136,HOLD
GOOGL,2026-02-09,324.32,46.33,INSIDE,-2.0838,HOLD
AMZN,2026-02-09,208.72,27.84,BELOW,-3.7061,BUY
META,2026-02-09,677.22,53.29,INSIDE,0.0342,HOLD
NVDA,2026-02-09,190.04,55.36,INSIDE,-0.318,HOLD
TSLA,2026-02-09,417.32,44.42,INSIDE,-1.8451,HOLD
INTC,2026-02-09,50.24,58.79,INSIDE,-0.0687,HOLD
AMD,2026-02-09,216.0,45.15,INSIDE,-5.1242,HOLD
IBM,2026-02-09,296.34,48.12,INSIDE,-0.3724,HOLD
ORCL,2026-02-09,156.59,39.19,INSIDE,-2.1424,HOLD
NFLX,2026-02-09,81.47,31.53,INSIDE,0.097,HOLD
PLTR,2026-02-09,142.91,37.99,INSIDE,-2.2868,HOLD
SNOW,2026-02-09,175.95,35.81,INSIDE,-3.3094,HOLD
SHOP,2026-02-09,118.4,31.08,INSIDE,-2.4324,HOLD
COIN,2026-02-09,167.25,29.74,INSIDE,-4.5071,HOLD
ROKU,2026-02-09,88.52,29.87,INSIDE,-1.8528,HOLD
U,2026-02-09,27.53,30.76,INSIDE,-1.4467,HOLD
CRWD,2026-02-09,408.04,37.05,INSIDE,-5.0152,HOLD
ZS,2026-02-09,170.18,22.18,INSIDE,-3.1952,HOLD
RIVN,2026-02-09,14.69,35.73,INSIDE,-0.0867,HOLD
LCID,2026-02-09,11.09,50.6,INSIDE,0.0715,HOLD
BTC-USD,2026-02-09,70120.78,33.42,INSIDE,-1163.4796,HOLD
AAPL,2026-02-10,273.68,61.6,INSIDE,2.6313,HOLD
MSFT,2026-02-10,413.27,36.0,INSIDE,-3.5269,HOLD
GOOGL,2026-02-10,318.58,41.25,BELOW,-2.6529,HOLD
AMZN,2026-02-10,206.96,26.96,BELOW,-4.1161,BUY
META,2026-02-10,670.72,51.38,INSIDE,-0.7376,HOLD
NVDA,2026-02-10,188.54,53.74,INSIDE,0.0544,HOLD
TSLA,2026-02-10,425.21,47.98,INSIDE,-0.5781,HOLD
INTC,2026-02-10,47.13,51.67,INSIDE,-0.2611,HOLD
AMD,2026-02-10,213.57,44.17,INSIDE,-4.6716,HOLD
IBM,2026-02-10,291.76,46.36,INSIDE,-0.4895,HOLD
ORCL,2026-02-10,159.89,41.69,INSIDE,-0.923,HOLD
NFLX,2026-02-10,82.21,35.14,INSIDE,0.2202,HOLD
PLTR,2026-02-10,139.51,36.26,INSIDE,-1.8379,HOLD
SNOW,2026-02-10,182.58,40.61,INSIDE,-1.9331,HOLD
SHOP,2026-02-10,127.24,40.77,INSIDE,-1.2029,HOLD
COIN,2026-02-10,162.51,28.42,INSIDE,-3.7558,HOLD
ROKU,2026-02-10,90.91,35.4,INSIDE,-1.4262,HOLD
U,2026-02-10,29.06,35.17,INSIDE,-0.9842,HOLD
CRWD,2026-02-10,413.39,39.32,INSIDE,-3.6089,HOLD
ZS,2026-02-10,174.34,27.04,INSIDE,-2.6545,HOLD
RIVN,2026-02-10,14.96,38.94,INSIDE,-0.0133,HOLD
LCID,2026-02-10,10.92,49.21,INSIDE,0.0897,HOLD
BTC-USD,2026-02-10,68793.96,32.05,INSIDE,-951.4996,HOLD
AAPL,2026-02-11,275.5,63.55,INSIDE,2.3606,HOLD
MSFT,2026-02-11,404.37,33.3,INSIDE,-3.0313,HOLD
GOOGL,2026-02-11,310.96,35.66,BELOW,-3.3978,HOLD
AMZN,2026-02-11,204.08,25.54,BELOW,-4.33,BUY
META,2026-02-11,668.69,50.77,INSIDE,-1.3886,HOLD
NVDA,2026-02-11,190.05,55.16,INSIDE,0.383,HOLD
TSLA,2026-02-11,428.27,49.33,INSIDE,0.5141,HOLD
INTC,2026-02-11,48.29,53.91,INSIDE,-0.3126,HOLD
AMD,2026-02-11,213.58,44.18,INSIDE,-4.1584,HOLD
IBM,2026-02-11,272.81,36.86,BELOW,-1.7375,HOLD
ORCL,2026-02-11,157.16,40.22,INSIDE,-0.1839,HOLD
NFLX,2026-02-11,79.62,29.31,INSIDE,0.1501,HOLD
PLTR,2026-02-11,135.68,34.37,INSIDE,-1.6271,HOLD
SNOW,2026-02-11,178.83,38.84,INSIDE,-1.1062,HOLD
SHOP,2026-02-11,118.71,35.57,INSIDE,-0.8258,HOLD
COIN,2026-02-11,153.2,25.99,INSIDE,-3.513,HOLD
ROKU,2026-02-11,87.89,31.97,INSIDE,-1.2452,HOLD
U,2026-02-11,21.41,26.18,INSIDE,-1.0964,HOLD
CRWD,2026-02-11,415.81,40.37,INSIDE,-2.2466,HOLD
ZS,2026-02-11,171.0,25.65,INSIDE,-2.2793,HOLD
RIVN,2026-02-11,14.76,37.45,INSIDE,0.0295,HOLD
LCID,2026-02-11,10.05,42.74,INSIDE,0.044,HOLD
BTC-USD,2026-02-11,66991.97,30.22,INSIDE,-840.4414,HOLD
AAPL,2026-02-12,261.73,44.97,INSIDE,1.1803,HOLD
MSFT,2026-02-12,401.84,32.55,INSIDE,-2.5814,HOLD
GOOGL,2026-02-12,309.0,34.37,BELOW,-3.845,HOLD
AMZN,2026-02-12,199.6,23.46,BELOW,-4.5021,BUY
META,2026-02-12,649.81,45.35,INSIDE,-3.002,HOLD
NVDA,2026-02-12,186.94,51.64,INSIDE,0.3712,HOLD
TSLA,2026-02-12,417.07,44.74,INSIDE,0.5283,HOLD
INTC,2026-02-12,46.48,50.01,INSIDE,-0.4619,HOLD
AMD,2026-02-12,205.94,40.97,INSIDE,-4.1128,HOLD
IBM,2026-02-12,259.52,31.92,BELOW,-3.2624,HOLD
ORCL,2026-02-12,156.48,39.84,INSIDE,0.3468,HOLD
NFLX,2026-02-12,75.86,23.27,BELOW,-0.1125,BUY
PLTR,2026-02-12,129.13,31.35,INSIDE,-1.7465,HOLD
SNOW,2026-02-12,172.91,36.16,INSIDE,-0.8029,HOLD
SHOP,2026-02-12,110.66,31.49,INSIDE,-0.9702,HOLD
COIN,2026-02-12,141.09,23.21,INSIDE,-3.7724,HOLD
ROKU,2026-02-12,82.93,27.29,INSIDE,-1.3488,HOLD
U,2026-02-12,19.65,24.62,INSIDE,-1.1846,HOLD
CRWD,2026-02-12,411.54,39.09,INSIDE,-1.4052,HOLD
ZS,2026-02-12,170.9,25.61,INSIDE,-1.8157,HOLD
RIVN,2026-02-12,14.0,32.38,INSIDE,0.015,HOLD
LCID,2026-02-12,9.92,41.85,INSIDE,0.0078,HOLD
BTC-USD,2026-02-12,66221.84,29.45,INSIDE,-730.694,HOLD
AAPL,2026-02-12,261.73,44.97,INSIDE,1.1803,HOLD
MSFT,2026-02-12,401.84,32.55,INSIDE,-2.5814,HOLD
GOOGL,2026-02-12,309.0,34.37,BELOW,-3.845,HOLD
AMZN,2026-02-12,199.6,23.46,BELOW,-4.5021,BUY
META,2026-02-12,649.81,45.35,INSIDE,-3.002,HOLD
NVDA,2026-02-12,186.94,51.64,INSIDE,0.3712,HOLD
TSLA,2026-02-12,417.07,44.74,INSIDE,0.5283,HOLD
INTC,2026-02-12,46.48,50.01,INSIDE,-0.4619,HOLD
AMD,2026-02-12,205.94,40.97,INSIDE,-4.1128,HOLD
IBM,2026-02-12,259.52,31.92,BELOW,-3.2624,HOLD
ORCL,2026-02-12,156.48,39.84,INSIDE,0.3468,HOLD
NFLX,2026-02-12,75.86,23.27,BELOW,-0.1125,BUY
PLTR,2026-02-12,129.13,31.35,INSIDE,-1.7465,HOLD
SNOW,2026-02-12,172.91,36.16,INSIDE,-0.8029,HOLD
SHOP,2026-02-12,110.66,31.49,INSIDE,-0.9702,HOLD
COIN,2026-02-12,141.09,23.21,INSIDE,-3.7724,HOLD
ROKU,2026-02-12,82.93,27.29,INSIDE,-1.3488,HOLD
U,2026-02-12,19.65,24.62,INSIDE,-1.1846,HOLD
CRWD,2026-02-12,411.54,39.09,INSIDE,-1.4052,HOLD
ZS,2026-02-12,170.9,25.61,INSIDE,-1.8157,HOLD
RIVN,2026-02-12,14.0,32.38,INSIDE,0.015,HOLD
LCID,2026-02-12,9.92,41.85,INSIDE,0.0078,HOLD
BTC-USD,2026-02-13,68857.84,35.52,INSIDE,-408.485,HOLD
AAPL,2026-02-12,261.73,44.97,INSIDE,1.1803,HOLD
MSFT,2026-02-12,401.84,32.55,INSIDE,-2.5814,HOLD
GOOGL,2026-02-12,309.0,34.37,BELOW,-3.845,HOLD
AMZN,2026-02-12,199.6,23.46,BELOW,-4.5021,BUY
META,2026-02-12,649.81,45.35,INSIDE,-3.002,HOLD
NVDA,2026-02-12,186.94,51.64,INSIDE,0.3712,HOLD
TSLA,2026-02-12,417.07,44.74,INSIDE,0.5283,HOLD
INTC,2026-02-12,46.48,50.01,INSIDE,-0.4619,HOLD
AMD,2026-02-12,205.94,40.97,INSIDE,-4.1128,HOLD
IBM,2026-02-12,259.52,31.92,BELOW,-3.2624,HOLD
ORCL,2026-02-12,156.48,39.84,INSIDE,0.3468,HOLD
NFLX,2026-02-12,75.86,23.27,BELOW,-0.1125,BUY
PLTR,2026-02-12,129.13,31.35,INSIDE,-1.7465,HOLD
SNOW,2026-02-12,172.91,36.16,INSIDE,-0.8029,HOLD
SHOP,2026-02-12,110.66,31.49,INSIDE,-0.9702,HOLD
COIN,2026-02-12,141.09,23.21,INSIDE,-3.7724,HOLD
ROKU,2026-02-12,82.93,27.29,INSIDE,-1.3488,HOLD
U,2026-02-12,19.65,24.62,INSIDE,-1.1846,HOLD
CRWD,2026-02-12,411.54,39.09,INSIDE,-1.4052,HOLD
ZS,2026-02-12,170.9,25.61,INSIDE,-1.8157,HOLD
RIVN,2026-02-12,14.0,32.38,INSIDE,0.015,HOLD
LCID,2026-02-12,9.92,41.85,INSIDE,0.0078,HOLD
BTC-USD,2026-02-15,68788.19,36.21,INSIDE,116.7908,HOLD
