date,Open,High,Low,Close,Volume,symbol,Bollinger_Middle,Bollinger_Upper,Bollinger_Lower,Bollinger_%B,Bollinger_Width,RSI_14,MACD,MACD_Signal,MACD_Diff,Return,Return_next,Close_next
2025-11-18,250.8000030517578,256.8699951171875,248.02000427246094,254.50999450683594,2668200,SNOW,263.3570022583008,280.4597159891623,246.25428852743926,0.24135660893684419,34.20542746172305,46.10017753243216,2.2527742551711185,4.785916090800992,-2.5331418356298734,0.0068040716261907885,-0.006011546942435664,252.97999572753906
2025-11-19,252.88999938964844,256.45001220703125,250.78500366210938,252.97999572753906,1966500,SNOW,263.9225021362305,278.7108380854033,249.1341661870577,0.13002915113976984,29.57667189834558,44.65597991331285,1.4705251351060724,4.1228378996620085,-2.652312764555936,-0.006011546942435664,-0.03288794452503019,244.66000366210938
2025-11-20,258.6000061035156,262.25,244.3800048828125,244.66000366210938,3669400,SNOW,263.50600204467776,279.88604672604276,247.12595736331275,-0.07527310667256003,32.760089362730014,37.73342020936333,0.1771907009455731,3.3337084599187214,-3.1565177589731483,-0.03288794452503019,-0.043448069662801125,234.02999877929688
2025-11-21,245.63999938964844,246.3699951171875,228.5800018310547,234.02999877929688,6823900,SNOW,262.3105018615723,283.050797529564,241.57020619358053,-0.1817767580314771,41.48059133598349,31.099934525313955,-1.686102372891071,2.329746293356763,-4.015848666247834,-0.043448069662801125,0.03401276227571959,241.99000549316406
2025-11-24,237.6999969482422,244.08999633789062,236.0500030517578,241.99000549316406,4587800,SNOW,261.1115020751953,283.5684740408141,238.65453010957646,0.07426369389190474,44.91394393123767,39.65496948865429,-2.4917462413390297,1.3654477864176044,-3.857194027756634,0.03401276227571959,0.03442291682286025,250.32000732421875
2025-11-25,241.66000366210938,250.99000549316406,237.92999267578125,250.32000732421875,3505100,SNOW,260.27500305175784,283.0292293991372,237.52077670437848,0.28124952315318735,45.50845269475872,47.06262687074411,-2.4300511632430357,0.6063479964854765,-3.0363991597285125,0.03442291682286025,-0.006631526100745577,248.66000366210938
2025-11-26,250.0,250.72000122070312,247.69000244140625,248.66000366210938,3319500,SNOW,259.2230026245117,282.08221257851005,236.36379267051336,0.2689552923382039,45.71841990799669,45.85461538465264,-2.486443617401733,-0.012210326291965334,-2.4742332911097673,-0.006631526100745577,0.010375620498102034,251.24000549316406
2025-11-28,249.64999389648438,254.0,248.84500122070312,251.24000549316406,1944100,SNOW,258.2260032653809,280.64740320506206,235.80460332569967,0.34421138307574967,44.84279987936239,48.085017965087324,-2.2964780879273405,-0.46906387861904036,-1.8274142093083001,0.010375620498102034,0.0030249740893937282,252.0
2025-12-01,249.08999633789062,253.22000122070312,246.01100158691406,252.0,4365000,SNOW,257.0820030212402,278.2896831956059,235.87432284687452,0.3801848438995471,42.41536034873138,48.754673104305866,-2.060847663002619,-0.7874206354957561,-1.2734270275068629,0.0030249740893937282,0.030476161411830294,259.67999267578125
2025-12-02,261.04998779296875,268.2099914550781,258.32501220703125,259.67999267578125,6626600,SNOW,256.2090019226074,275.38195992775076,237.03604391746404,0.590517872939656,38.345916010286714,55.062788808470664,-1.240102499389593,-0.8779570082745236,-0.36214549111506944,0.030476161411830294,0.02048678170928997,265.0
2025-12-03,262.5799865722656,267.9739990234375,256.7900085449219,265.0,12573700,SNOW,256.1880012512207,275.3214363166768,237.05456618576466,0.7302774885595074,38.26687013091214,58.842275705826104,-0.1585482684230044,-0.7340752603042198,0.5755269918812154,0.02048678170928997,-0.11407545557561916,234.77000427246094
2025-12-04,244.0,244.13999938964844,234.02999877929688,234.77000427246094,25623500,SNOW,254.68700103759767,275.52023275663475,233.8537693185606,0.02198974614829172,41.666463438074146,38.84799224485836,-1.7208795327580333,-0.9314361147949826,-0.7894434179630507,-0.11407545557561916,-0.025471784629641392,228.7899932861328
2025-12-05,233.58999633789062,234.0,225.60000610351562,228.7899932861328,11696700,SNOW,252.89050064086913,276.0230031582872,229.75799812345102,-0.02092304618986478,46.26500503483621,36.22569628749476,-3.4023549948044263,-1.4256198907968713,-1.976735104007555,-0.025471784629641392,-0.015210436774596436,225.30999755859375
2025-12-08,228.63999938964844,231.5,224.4199981689453,225.30999755859375,6328900,SNOW,251.01300125122071,276.5721749831856,225.4538275192558,-0.0028136660865954208,51.11834746392981,34.75542608226709,-4.958583520316182,-2.1322126167007336,-2.8263709036154485,-0.015210436774596436,-0.012027834913865165,222.60000610351562
2025-12-09,223.00999450683594,225.30999755859375,220.10000610351562,222.60000610351562,6129200,SNOW,248.71750106811524,275.7808466624849,221.65415547374553,0.01747475430323124,54.126691188739386,33.61138730004336,-6.337524463839429,-2.973274986128473,-3.364249477710956,-0.012027834913865165,-0.027178809011103033,216.5500030517578
2025-12-10,220.25999450683594,221.85000610351562,216.0,216.5500030517578,9177800,SNOW,245.98200073242188,274.4039899742921,217.5600114905517,-0.017768081435094785,56.843978483740386,31.146485960179476,-7.828290124986921,-3.9442780139001625,-3.8840121110867587,-0.027178809011103033,0.018286730082066383,220.50999450683594
2025-12-11,215.0,221.66000366210938,214.89999389648438,220.50999450683594,4932400,SNOW,243.51650009155273,271.7938621927394,215.23913799036606,0.09319922589682934,56.554724202373365,34.530820892347464,-8.591160881606356,-4.8736545874414015,-3.717506294164955,0.018286730082066383,-0.011700158248267978,217.92999267578125
2025-12-12,220.0,222.44000244140625,215.2100067138672,217.92999267578125,3900700,SNOW,241.56699905395507,271.2218473694679,211.91215073844222,0.10146472295713976,59.3096966310257,33.37965088613868,-9.296758789906733,-5.758275427934468,-3.538483361972265,-0.011700158248267978,-0.012159840249372333,215.27999877929688
2025-12-15,216.9199981689453,217.6300048828125,211.91000366210938,215.27999877929688,5275700,SNOW,239.47999954223633,270.34146512178023,208.61853396269242,0.10792528305946543,61.72293115908781,32.192524019444406,-9.955027219321408,-6.597625786211856,-3.357401433109552,-0.012159840249372333,0.024712037134823506,220.60000610351562
2025-12-16,212.4499969482422,221.3800048828125,212.4499969482422,220.60000610351562,4793300,SNOW,237.87050018310546,269.14233653350095,206.59866383270997,0.22386504767297713,62.54367270079098,37.03395556085835,-9.932928940499863,-7.264686417069458,-2.668242523430405,0.024712037134823506,-0.019537682221823505,216.2899932861328
2025-12-17,220.0800018310547,224.75,216.25,216.2899932861328,2945100,SNOW,235.95950012207032,267.5994932495818,204.3195069945588,0.1891670178835386,63.27998625502303,34.86224199365118,-10.146238389071897,-7.840996811469947,-2.30524157760195,-0.019537682221823505,0.02320960020475793,221.30999755859375
2025-12-18,217.14999389648438,223.60000610351562,216.7899932861328,221.30999755859375,4823200,SNOW,234.37600021362306,265.6176616324572,203.1343387947889,0.29088815924571126,62.48332283766831,39.325182816701044,-9.797278346827227,-8.232253118541403,-1.5650252282858244,0.02320960020475793,0.005196372364375312,222.4600067138672
2025-12-19,221.42999267578125,224.0,218.33999633789062,222.4600067138672,6288800,SNOW,233.26600036621093,264.5447318685529,201.98726886386896,0.32726291743105607,62.55746300468394,40.33373658735125,-9.320488086564382,-8.449900112145999,-0.8705879744183829,0.005196372364375312,0.019688885605658957,226.83999633789062
2025-12-22,223.33999633789062,226.86000061035156,221.74000549316406,226.83999633789062,2789200,SNOW,232.90650024414063,264.3068832017398,201.50611728654147,0.40340079746094515,62.800765915198355,44.142044736625216,-8.491317193712007,-8.458183528459202,-0.033133665252805145,0.019688885605658957,-0.00767056190471449,225.10000610351562
2025-12-23,224.3000030517578,226.1750030517578,219.6999969482422,225.10000610351562,3986800,SNOW,232.0620002746582,263.3480608403762,200.7759397089402,0.38873648447175785,62.572121131436006,42.968730931407066,-7.88371737107164,-8.34329029698169,0.4595729259100505,-0.00767056190471449,-0.0140826892127075,221.92999267578125
2025-12-24,223.91000366210938,224.5749969482422,219.5399932861328,221.92999267578125,1677400,SNOW,230.64249954223632,261.0500349194544,200.23496416501823,0.3567377007315325,60.815070754436164,40.838948407841286,-7.570713255020877,-8.188774888589528,0.6180616335686508,-0.0140826892127075,0.008786609612879248,223.8800048828125
2025-12-26,222.17999267578125,224.10000610351562,221.10000610351562,223.8800048828125,1763700,SNOW,229.40349960327148,258.7752189976748,200.03178020886816,0.40597256758636563,58.74343878880666,42.719773332236926,-7.083649646100895,-7.967749840091802,0.884100193990907,0.008786609612879248,-0.004377393983179045,222.89999389648438
2025-12-29,222.99000549316406,225.48800659179688,222.1999969482422,222.89999389648438,2073000,SNOW,227.9864990234375,255.69496085390273,200.27803719297225,0.4082138669754569,55.41692366093048,41.997152251835004,-6.699499265986304,-7.714099725270703,1.0146004592843987,-0.004377393983179045,-0.0038133282548284964,222.0500030517578
2025-12-30,222.5,224.16000366210938,221.91000366210938,222.0500030517578,1593300,SNOW,226.4889991760254,251.99404936010524,200.98394899194557,0.41297809468654967,51.01010036815967,41.34392931854044,-6.389984713441834,-7.44927672290493,1.0592920094630962,-0.0038133282548284964,-0.012114399479558835,219.36000061035156
2025-12-31,221.625,222.39999389648438,218.7100067138672,219.36000061035156,2249300,SNOW,224.4729995727539,245.06636456006416,203.87963458544365,0.37585809882083376,41.186729974620505,39.26258660131941,-6.289254307618108,-7.217272239847566,0.9280179322294577,-0.012114399479558835,-0.01208057024576481,216.7100067138672
2026-01-02,219.89999389648438,222.98699951171875,213.9499969482422,216.7100067138672,3464200,SNOW,222.05849990844726,231.24178395524945,212.87521586164507,0.20879191107877518,18.36656809360437,37.27195495665583,-6.350057584739403,-7.043829308825934,0.6937717240865311,-0.01208057024576481,0.03530060292317305,224.36000061035156
2026-01-05,217.35000610351562,227.39999389648438,217.30999755859375,224.36000061035156,4986900,SNOW,221.5379997253418,228.74854315692207,214.32745629376151,0.6956857282524749,14.421086863160554,45.81294886329153,-5.715074227952641,-6.778078292651276,1.0630040646986352,0.03530060292317305,0.04532892735460292,234.52999877929688
2026-01-06,225.5,234.8699951171875,223.52000427246094,234.52999877929688,5208600,SNOW,221.825,230.47962799376918,213.1703720062308,1.2340002821868086,17.309255987538393,54.65274299743395,-4.341169188754208,-6.290696471871863,1.9495272831176553,0.04532892735460292,-0.004391757065867474,233.5
2026-01-07,234.0,235.64999389648438,230.5500030517578,233.5,2916900,SNOW,222.2345001220703,232.18758545848485,212.28141478565576,1.065930035619886,19.90617067282909,53.69731119727243,-3.297440992987049,-5.692045376094901,2.3946043831078523,-0.004391757065867474,-0.04158461119429202,223.7899932861328
2026-01-08,235.8300018310547,236.30999755859375,223.55999755859375,223.7899932861328,4348700,SNOW,222.29399948120118,232.26931601207863,212.31868295032373,0.5749847786935358,19.9506330617549,45.60349465581052,-3.2167149821048895,-5.1969792972969,1.9802643151920103,-0.04158461119429202,-0.021001819068079963,219.08999633789062
2026-01-09,224.39999389648438,226.8300018310547,218.1999969482422,219.08999633789062,4650000,SNOW,222.4209991455078,232.16250069631803,212.67949759469758,0.32903031990278064,19.483003101620454,42.28139360201572,-3.4917389183720218,-4.855931221511924,1.3641923031399026,-0.021001819068079963,0.0054315690414772355,220.27999877929688
2026-01-12,216.5,221.77499389648438,214.02999877929688,220.27999877929688,3345000,SNOW,222.40949935913085,232.16053582977895,212.65846288848275,0.39080644984540625,19.502072941296205,43.405541831112274,-3.572492646123038,-4.5992435064341475,1.0267508603111093,0.0054315690414772355,-0.04943707758305993,209.38999938964844
2026-01-13,220.0,220.49000549316406,207.5,209.38999938964844,8054400,SNOW,221.9824996948242,233.1288747676662,210.83612462198224,-0.06486975464594168,22.292750145683954,36.415784466080915,-4.463766969362865,-4.572148199019891,0.10838122965702546,-0.04943707758305993,-0.015425740183171,206.16000366210938
2026-01-14,208.0,208.8800048828125,204.17999267578125,206.16000366210938,4780100,SNOW,221.52649993896483,234.352080104853,208.70091977307666,-0.09905657592493516,25.65116033177634,34.63429973094776,-5.368853155643791,-4.731489190344671,-0.6373639652991194,-0.015425740183171,0.00766395907541928,207.74000549316406
2026-01-15,205.47000122070312,209.3000030517578,205.47000122070312,207.74000549316406,4919800,SNOW,220.88349990844728,235.04978093382707,206.7172188830675,0.036099333631183346,28.332562050759577,36.27652308969817,-5.8907427207011835,-4.963339896415974,-0.9274028242852097,0.00766395907541928,0.012708189659383251,210.3800048828125
2026-01-16,208.52999877929688,216.10000610351562,207.11000061035156,210.3800048828125,5250800,SNOW,220.58800048828124,235.35887925000762,205.81712172655486,0.1544553722856616,29.54175752345276,39.03271881501578,-6.021901343487002,-5.17505218583018,-0.8468491576568224,0.012708189659383251,-0.019821266623071487,206.2100067138672
2026-01-20,206.50999450683594,209.60000610351562,204.94000244140625,206.2100067138672,3766900,SNOW,219.83300094604493,235.8685816090587,203.79742028303116,0.07522603894228426,32.07116132602755,36.357717941548216,-6.388684718480221,-5.417778692360188,-0.9709060261200326,-0.019821266623071487,0.00140630074531356,206.5
2026-01-21,207.0800018310547,210.3699951171875,205.0500030517578,206.5,2883700,SNOW,219.03500061035157,236.0281221611899,202.04187905951324,0.13117427916787977,33.98624310167668,36.68269619544893,-6.580111719156861,-5.650245297719523,-0.929866421437338,0.00140630074531356,0.02242133115163436,211.1300048828125
2026-01-22,208.92999267578125,211.49000549316406,204.8699951171875,211.1300048828125,3539100,SNOW,218.24950103759767,235.17913014031228,201.31987193488305,0.28973266007216963,33.85925820542923,41.79316488655121,-6.285757991495018,-5.777347836474622,-0.5084101550203961,0.02242133115163436,-0.006820453787255487,209.69000244140625
2026-01-23,213.2899932861328,214.74000549316406,208.9550018310547,209.69000244140625,2905300,SNOW,217.4790008544922,234.49384081080171,200.46416089818268,0.2711116168860113,34.02967991261903,40.69308210775227,-6.098378394020358,-5.841553947983769,-0.25682444603658894,-0.006820453787255487,0.007534941163902964,211.27000427246094
2026-01-26,211.7899932861328,214.69900512695312,208.5,211.27000427246094,3463800,SNOW,216.94600143432618,234.037417036427,199.85458583222535,0.3339518125939327,34.18283120420165,42.48205001519823,-5.756033795299146,-5.824449917446845,0.0684161221476991,0.007534941163902964,0.007005233576037551,212.75
2026-01-27,213.14999389648438,216.6999969482422,209.0,212.75,2855400,SNOW,216.38950119018554,233.26501368727642,199.51398869309466,0.392166202631981,33.75102499418176,44.18056804879231,-5.304156928630704,-5.720391319683618,0.4162343910529138,0.007005233576037551,0.01527614571092828,216.0
2026-01-28,214.2100067138672,223.0500030517578,214.14999389648438,216.0,4807200,SNOW,216.04450149536132,232.65353102936578,199.43547196135685,0.49866032222803247,33.21805906800893,47.82427027436116,-4.630416854418911,-5.502396426630677,0.8719795722117656,0.01527614571092828,-0.07699076334635413,199.3699951171875
2026-01-29,205.22999572753906,206.0500030517578,196.7899932861328,199.3699951171875,7999600,SNOW,214.9105010986328,232.77416973821204,197.04683245905358,0.06502479151977388,35.72733727915846,35.17243347109364,-5.376399614797322,-5.477197064264006,0.10079744946668434,-0.07699076334635413,-0.0334553760962113,192.6999969482422
2026-01-30,200.64999389648438,203.99000549316406,191.80999755859375,192.6999969482422,5753500,SNOW,213.57750091552734,233.74442405848586,193.41057777256881,-0.017617482332071388,40.33384628591705,31.565516460620444,-6.431669157177225,-5.66809148284665,-0.7635776743305751,-0.0334553760962113,-0.01048263780203118,190.67999267578125
2026-02-02,197.08999633789062,197.08999633789062,190.3699951171875,190.67999267578125,4746800,SNOW,212.27600021362304,234.69977846235463,189.85222196489144,0.018457431698349753,44.84755649746319,30.54394188802884,-7.346291855623605,-6.003731557402041,-1.3425602982215636,-0.01048263780203118,-0.09146207180881794,173.24000549316406
2026-02-03,189.1999969482422,190.1699981689453,168.9709930419922,173.24000549316406,13814000,SNOW,209.72000045776366,237.1471850669427,182.2928158485846,-0.1650335330515631,54.8543692183581,23.478915794223994,-9.370382213924273,-6.6770616887064875,-2.6933205252177856,-0.09146207180881794,-0.04589016367437693,165.2899932861328
2026-02-04,171.0500030517578,171.5,159.52000427246094,165.2899932861328,17295400,SNOW,206.25800018310548,237.4991041343168,175.01689623189415,-0.15567476362153637,62.48220790242266,21.08470426971249,-11.483612018693123,-7.638371754703815,-3.8452402639893073,-0.04589016367437693,-0.05190868728158782,156.7100067138672
2026-02-05,163.85000610351562,165.44500732421875,156.0800018310547,156.7100067138672,8089400,SNOW,202.41850051879882,237.9095552504118,166.92744578718583,-0.14394386346903423,70.98210946322598,18.85055532269932,-13.692852395502484,-8.84926788286355,-4.843584512638934,-0.05190868728158782,0.07478773186011844,168.42999267578125
2026-02-06,162.3000030517578,170.38999938964844,159.47999572753906,168.42999267578125,9619300,SNOW,199.65050048828124,236.64594969145622,162.65505128510625,0.07804934816387343,73.99089840634997,29.793781107949485,-14.33276717358504,-9.945967741007848,-4.386799432577192,0.07478773186011844,0.04464765540266069,175.9499969482422
2026-02-09,168.41000366210938,176.38999938964844,166.27499389648438,175.9499969482422,8828800,SNOW,197.49350051879884,234.73348763082933,160.25351340676835,0.21074770372843446,74.47997422406098,35.778149269187026,-14.070902146945315,-10.770954622195342,-3.2999475247499728,0.04464765540266069,0.037681187824986306,182.5800018310547
2026-02-10,183.94500732421875,186.5800018310547,178.41000366210938,182.5800018310547,9400500,SNOW,195.6085006713867,231.84717242452848,159.36982891824493,0.32024039223785167,72.47734350628355,40.58662458099999,-13.17649580041413,-11.252062857839102,-1.924432942575029,0.037681187824986306,-0.020538941627736174,178.8300018310547
2026-02-11,187.60000610351562,188.5,173.32000732421875,178.8300018310547,6242800,SNOW,194.08050079345702,230.4428420163054,157.71815957060863,0.2902981704486669,72.72468244569677,38.81634712171022,-12.624735890164175,-11.526597464304118,-1.098138425860057,-0.020538941627736174,-0.03310405473539102,172.91000366210938
2026-02-12,180.67999267578125,181.50999450683594,169.19000244140625,172.91000366210938,5683400,SNOW,192.41800079345703,229.45338044661816,155.3826211402959,0.23663025309796495,74.07075930632226,36.13667543049253,-12.52082429429828,-11.725442830302951,-0.7953814639953283,-0.03310405473539102,0.05424781345996199,182.2899932861328
2026-02-13,177.00999450683594,185.625,175.5,182.2899932861328,8333900,SNOW,191.14550018310547,227.73381602915825,154.5571843370527,0.37898449693294634,73.17663169210556,42.8667700664382,-11.548463338420873,-11.690046931926537,0.14158359350566307,0.05424781345996199,-0.028471048185682246,177.10000610351562
2026-02-17,178.39999389648438,181.47000122070312,172.02000427246094,177.10000610351562,5778400,SNOW,189.48150024414062,225.44107782567465,153.52192266260658,0.3278414962946737,71.91915516306807,40.334034087910545,-11.06905172843031,-11.56584789122729,0.496796162796981,-0.028471048185682246,-0.0057594818594457475,176.0800018310547
2026-02-18,176.5,178.75,171.00999450683594,176.0800018310547,4155100,SNOW,187.975,223.5272783250474,152.42272167495258,0.3327111688849909,71.10455665009482,39.835879700739284,-10.648669164235912,-11.382412145829017,0.7337429815931049,-0.0057594818594457475,0.017719190622118797,179.1999969482422
2026-02-19,176.1999969482422,180.7899932861328,175.0,179.1999969482422,3139500,SNOW,186.6099998474121,221.29827745162657,151.92172224319762,0.3931915417692917,69.37655520842895,42.187934267963335,-9.949068750869401,-11.095743466837094,1.146674715967693,0.017719190622118797,-0.037388376463964645,172.5
2026-02-20,177.7100067138672,184.60000610351562,172.2899932861328,172.5,5857600,SNOW,184.6784996032715,217.96402378610762,151.39297542043536,0.3170601199432004,66.57104836567225,38.689983146681506,-9.822041759050336,-10.841003125279743,1.0189613662294068,-0.037388376463964645,-0.08637677621150364,157.60000610351562
2026-02-23,169.67999267578125,169.67999267578125,155.3800048828125,157.60000610351562,11128600,SNOW,182.07399978637696,215.27530021482727,148.87269935792665,0.13143019449488966,66.40260085690062,32.280021140184004,-10.799190589007935,-10.832640618025382,0.033450029017446425,-0.08637677621150364,0.021954259651522534,161.05999755859375
2026-02-24,156.8800048828125,163.0800018310547,154.625,161.05999755859375,8608800,SNOW,179.5634994506836,211.10636274388702,148.02063615748017,0.20669273553113338,63.08572658640685,34.97413932368171,-11.165684620746191,-10.899249418569545,-0.2664352021766465,0.021954259651522534,0.05060231763823575,169.2100067138672
2026-02-25,161.42999267578125,170.47000122070312,160.0,169.2100067138672,13379500,SNOW,177.38649978637696,205.26418106026455,149.50881851248937,0.3533505532225072,55.75536254777518,40.93486061970069,-10.67543636974159,-10.854486808803955,0.17905043906236529,0.05060231763823575,0.022752737379396537,173.05999755859375
2026-02-26,178.44000244140625,184.4199981689453,167.1999969482422,173.05999755859375,16645300,SNOW,175.23949966430663,196.78642333493056,153.6925759936827,0.4494242858277649,43.09384734124785,43.56655557956928,-9.862559565873823,-10.65610136021793,0.7935417943441063,0.022752737379396537,-0.026869258997360146,168.41000366210938
2026-02-27,169.4499969482422,171.52000427246094,163.77000427246094,168.41000366210938,10251900,SNOW,173.69150009155274,192.3343794272995,155.04862075580598,0.3583508390971461,37.28575867149351,41.18001831273486,-9.484236117937769,-10.4217283117619,0.9374921938241307,-0.026869258997360146,0.011400737053586907,170.3300018310547
2026-03-02,164.19000244140625,171.86000061035156,164.1300048828125,170.3300018310547,4776800,SNOW,172.57300033569337,189.08203200543997,156.06396866594676,0.43206753280542026,33.01806333949321,42.578707048312076,-8.92658414818095,-10.12269947904571,1.1961153308647603,0.011400737053586907,-0.02665419184005513,165.7899932861328
2026-03-03,164.9499969482422,169.6999969482422,156.8699951171875,165.7899932861328,7890300,SNOW,171.32850036621093,185.81926323717832,156.83773749524354,0.30889525522584255,28.981525741934774,40.14764097179518,-8.750115803400234,-9.848182743916617,1.0980669405163823,-0.02665419184005513,0.014898373368290141,168.25999450683594
2026-03-04,165.66000366210938,169.75999450683594,164.0,168.25999450683594,3841200,SNOW,171.07949981689453,185.60143421834732,156.55756541544173,0.40292252973624093,29.043868802905592,42.08504499812248,-8.315103574887416,-9.541566910110777,1.226463335223361,0.014898373368290141,0.05461786961506698,177.4499969482422
2026-03-05,168.7100067138672,178.60000610351562,168.7100067138672,177.4499969482422,6950700,SNOW,171.6875,186.2071725664055,157.1678274335945,0.6984375653750972,29.03934513281098,48.73424539490348,-7.146417405371892,-9.062537009163002,1.9161196037911097,0.05461786961506698,0.017075225874366495,180.47999572753906
2026-03-06,174.49000549316406,183.25,173.91000366210938,180.47999572753906,6039600,SNOW,172.8759994506836,186.13372560772328,159.6182732936439,0.7867760348488508,26.51545231407937,50.74225033214945,-5.907630134549748,-8.43155563424035,2.523925499690602,0.017075225874366495,0.01307624482612657,182.83999633789062
2026-03-09,175.83999633789062,183.10499572753906,175.25,182.83999633789062,4836200,SNOW,173.59649963378905,187.3658014441494,159.8271978234287,0.8356559697582684,27.53860362072072,52.3090998446479,-4.681484729694688,-7.681541453331218,3.00005672363653,0.01307624482612657,-0.04112879656688928,175.32000732421875
2026-03-10,182.44000244140625,182.44000244140625,174.42999267578125,175.32000732421875,4428200,SNOW,173.56500015258788,187.31549139128535,159.81450891389042,0.5638161626797673,27.500982477394928,47.16122936883759,-4.2673644081245925,-6.998706044289894,2.7313416361653013,-0.04112879656688928,0.023442762832891706,179.42999267578125
2026-03-11,177.64999389648438,183.35000610351562,176.89999389648438,179.42999267578125,3481300,SNOW,173.40749969482422,186.80908020368898,160.00591918595947,0.7246933851187672,26.803161017729508,50.05428226525803,-3.5664181519763645,-6.312248465827189,2.745830313850824,0.023442762832891706,-0.012149544472870644,177.25
2026-03-12,178.89999389648438,184.74000549316406,176.6999969482422,177.25,3896000,SNOW,173.3284996032715,186.6194608895477,160.0375383169953,0.647525085366764,26.5819225725524,48.5362895534569,-3.1505033424983253,-5.6798994411614165,2.5293960986630912,-0.012149544472870644,0.00795488666916433,178.66000366210938
2026-03-13,178.1699981689453,181.92999267578125,175.1699981689453,178.66000366210938,3915100,SNOW,173.6159996032715,187.10558767143056,160.12641153511242,0.6869591581800705,26.97917613631813,49.600924955727606,-2.676262064676365,-5.079171965864407,2.4029099011880417,0.00795488666916433,-0.02384422746168602,174.39999389648438
2026-03-16,180.39500427246094,180.7899932861328,173.7100067138672,174.39999389648438,3894000,SNOW,173.22149963378905,186.1219554967897,160.3210437707884,0.5456764580729012,25.80091172600129,46.47287023248589,-2.614036633843739,-4.586144899460273,1.9721082656165345,-0.02384422746168602,0.001146859025407787,174.60000610351562
2026-03-17,175.33999633789062,178.47999572753906,174.1300048828125,174.60000610351562,4251700,SNOW,173.09649963378905,185.89223153952625,160.30076772805185,0.5587503114633267,25.591463811474398,46.64301025172644,-2.5195395346664498,-4.172823826501509,1.6532842918350594,0.001146859025407787,-0.0077319934497324105,173.25
2026-03-18,174.0,177.75,173.11000061035156,173.25,4253000,SNOW,172.95499954223632,185.67801495919355,160.2319841252791,0.51159318165136,25.44603083391445,45.58968374295176,-2.5244834391850475,-3.843155749038217,1.3186723098531696,-0.0077319934497324105,0.012409777180284909,175.39999389648438
2026-03-19,172.89999389648438,176.85000610351562,170.84500122070312,175.39999389648438,3815100,SNOW,172.76499938964844,185.2199711690807,160.31002761021617,0.6057808300773222,24.90994355886454,47.618490266874474,-2.3280783419893396,-3.5401402676284417,1.212061925639102,0.012409777180284909,-0.04207519886448163,168.02000427246094
2026-03-20,173.63999938964844,174.69000244140625,166.5500030517578,168.02000427246094,5212300,SNOW,172.54099960327147,185.16694785306208,159.91505135348086,0.3209641271543501,25.25189649958122,41.85004799816758,-2.7363860182738904,-3.379389417757532,0.6430033994836415,-0.04207519886448163,0.03678129102865513,174.1999969482422
2026-03-23,170.00999450683594,177.0500030517578,169.0,174.1999969482422,4472400,SNOW,173.37099914550782,183.98055942537403,162.76143886564162,0.5390684336045272,21.219120559732403,47.57697798693624,-2.5321104398786645,-3.209933622181759,0.6778231823030945,0.03678129102865513,-0.07382319653066638,161.33999633789062
2026-03-24,171.63999938964844,173.2899932861328,161.11000061035156,161.33999633789062,4536900,SNOW,173.38499908447267,183.9300850981441,162.83991307080123,-0.0711192270487885,21.090172027342874,38.97503208525997,-3.3690785061796475,-3.241762598981337,-0.12731590719831054,-0.07382319653066638,-0.00452458004281997,160.61000061035156
2026-03-25,165.36000061035156,165.42999267578125,158.27999877929688,160.61000061035156,4713800,SNOW,172.9549987792969,184.77080357329044,161.13919398530334,-0.02239345453729839,23.6316095879871,38.54896635503359,-4.044661938029094,-3.4023424667908886,-0.6423194712382054,-0.00452458004281997,0.010709178844198641,162.3300018310547
2026-03-26,159.4149932861328,166.49000549316406,158.5399932861328,162.3300018310547,3142800,SNOW,172.41849899291992,185.10856683859873,159.7284311472411,0.10250420704801264,25.380135691357623,40.20752106500432,-4.390664108475761,-3.600006795127863,-0.7906573133478978,0.010709178844198641,-0.05870756281525358,152.8000030517578
2026-03-27,158.3300018310547,158.3300018310547,150.60000610351562,152.8000030517578,5826600,SNOW,171.63799896240235,186.88150808506282,156.39448983974188,-0.11790220870601993,30.48701824532094,34.63043518651186,-5.371940194684441,-3.954393475039179,-1.4175467196452622,-0.05870756281525358,0.005693685208192134,153.6699981689453
2026-03-30,152.80999755859375,159.27999877929688,151.75999450683594,153.6699981689453,3797700,SNOW,170.80499877929688,187.94607961908144,153.66391793951232,0.0001773584025951201,34.28216167956913,35.50986657606691,-6.010126233565927,-4.3655400267445295,-1.6445862068213977,0.005693685208192134,-0.01854617608307163,150.82000732421875
2026-03-31,149.25999450683594,153.9199981689453,145.00999450683594,150.82000732421875,8316000,SNOW,170.05649948120117,189.19874512354016,150.91425383886218,-0.0024617413339157778,38.28449128467798,33.90089325214461,-6.66898777034794,-4.826229575465212,-1.8427581948827276,-0.01854617608307163,0.015249885169574595,153.1199951171875
2026-04-01,153.89999389648438,155.44000244140625,148.1999969482422,153.1199951171875,5070900,SNOW,169.29949951171875,189.81429715650015,148.78470186693735,0.10566258866689257,41.02959528956279,36.405203522325515,-6.925715158754059,-5.246126692122981,-1.6795884666310776,0.015249885169574595,-0.008294076895051572,151.85000610351562
2026-04-02,150.1999969482422,155.5850067138672,147.52999877929688,151.85000610351562,4855500,SNOW,168.0194999694824,189.51168853746816,146.52731140149666,0.12382858742332838,42.9843771359715,35.60308365179469,-7.1492389865587995,-5.626749151010146,-1.5224898355486536,-0.008294076895051572,-0.01626605941009529,149.3800048828125
2026-04-06,151.75,153.10000610351562,147.24000549316406,149.3800048828125,5669300,SNOW,166.4645004272461,188.61569542088756,144.31330543360463,0.11436627799679154,44.302389987282936,34.03253291040869,-7.439928818125082,-5.989385084433134,-1.4505437336919487,-0.01626605941009529,-0.0009372030062407832,149.24000549316406
2026-04-07,149.35000610351562,151.0,145.3000030517578,149.24000549316406,5267100,SNOW,164.78450088500978,186.80928505379578,142.75971671622378,0.1471135591449811,44.049568337572,33.94114169310632,-7.594059790542104,-6.310320025654928,-1.2837397648871764,-0.0009372030062407832,0.005025462157560279,149.99000549316406
2026-04-08,155.33999633789062,157.83999633789062,148.74000549316406,149.99000549316406,5506200,SNOW,163.51800079345702,185.88429390044595,141.1517076864681,0.1975807471631099,44.73258621397787,34.94896455791309,-7.5684466231703595,-6.561945345158015,-1.0065012780123448,0.005025462157560279,-0.11834121841410938,132.24000549316406
2026-04-09,150.35000610351562,150.35000610351562,131.17999267578125,132.24000549316406,15489400,SNOW,161.15850143432618,186.11859797486838,136.198404893784,-0.0792945530917794,49.92019308108439,25.164075588463476,-8.878083638783153,-7.025173003883043,-1.8529106349001099,-0.11834121841410938,-0.08416518769267478,121.11000061035156
2026-04-10,132.5050048828125,132.91000366210938,118.30000305175781,121.11000061035156,23316000,SNOW,158.35150146484375,187.68541771259788,129.01758521708962,-0.13478569550602498,58.667832495508264,21.162970981210464,-10.690841420712303,-7.758306687248895,-2.9325347334634078,-0.08416518769267478,0.10841387842987293,134.24000549316406
2026-04-13,122.00499725341797,134.60000610351562,121.30000305175781,134.24000549316406,14833400,SNOW,156.1305015563965,185.70300695171534,126.55799616107765,0.12988431702682904,59.145010790637684,34.4118344642272,-10.941852496578178,-8.395015849114753,-2.546836647463426,0.10841387842987293,0.009162661480982326,135.47000122070312
2026-04-14,136.3000030517578,140.0,133.22000122070312,135.47000122070312,8547900,SNOW,154.18400192260742,183.8149657410547,124.55303810416015,0.18421545757729332,59.26192763689454,35.50527697985211,-10.915700802862233,-8.89915283986425,-2.016547962997983,0.009162661480982326,0.06650914907837913,144.47999572753906
2026-04-15,139.0,144.72999572753906,137.00999450683594,144.47999572753906,8560100,SNOW,152.6780014038086,181.03982025351314,124.31618255410405,0.3554746132518414,56.723637699409096,43.001454340536206,-10.052070132848769,-9.129736298461154,-0.9223338343876151,0.06650914907837913,-0.006436826573105847,143.5500030517578
2026-04-16,149.41000366210938,151.47999572753906,143.17999267578125,143.5500030517578,7360200,SNOW,151.1930015563965,178.16696151430534,124.21904159848765,0.3583263540732414,53.94791991581769,42.45297099381754,-9.335070361158643,-9.170803111000652,-0.16426725015799093,-0.006436826573105847,0.0029954208752347444,143.97999572753906
2026-04-17,144.5,147.1999969482422,143.25,143.97999572753906,6443300,SNOW,149.62200164794922,174.33904329836358,124.90495999753487,0.38586809861374366,49.4340833008287,42.816149311048015,-8.632634425029607,-9.063169373806442,0.4305349487768346,0.0029954208752347444,0.044867390648432925,150.44000244140625
2026-04-20,143.47999572753906,151.68800354003906,143.39999389648438,150.44000244140625,6981100,SNOW,148.74300155639648,171.98688480016258,125.49911831263037,0.5365042464551378,46.48776648753221,48.11404512149039,-7.468587108437362,-8.744252920732626,1.275665812295264,0.044867390648432925,0.0026588267082763295,150.83999633789062
2026-04-21,151.60000610351562,155.49899291992188,150.22000122070312,150.83999633789062,5160400,SNOW,147.57500152587892,167.72665075147106,127.42335230028678,0.5810106104830675,40.303298451184276,48.43261900502054,-6.439563776248804,-8.283315091835862,1.843751315587058,0.0026588267082763295,0.031357803640704285,155.57000732421875
2026-04-22,151.38999938964844,156.6999969482422,151.00999450683594,155.57000732421875,4719700,SNOW,147.2865020751953,166.7966288274049,127.77637532298569,0.7122873253010853,39.020253504419216,52.172290126145406,-5.1826407589438475,-7.6631802252574595,2.480539466313612,0.031357803640704285,-0.05894461011770369,146.39999389648438
2026-04-23,147.85000610351562,148.50999450683594,141.01600646972656,146.39999389648438,7625800,SNOW,146.57600173950195,165.1038148777578,128.0481886012461,0.4952501722220483,37.0556262765117,45.3117037939368,-4.870321622710009,-7.1046085047479695,2.234286882037961,-0.05894461011770369,-0.041529964656724094,140.32000732421875
2026-04-24,142.50999450683594,143.47999572753906,134.3000030517578,140.32000732421875,11754800,SNOW,145.47550201416016,162.6983139376557,128.2526900906646,0.35032947253786645,34.44562384699111,41.42238316899881,-5.055138075896053,-6.694714418977587,1.6395763430815338,-0.041529964656724094,0.02800735797212961,144.25
2026-04-27,141.24000549316406,146.10499572753906,140.0,144.25,5395100,SNOW,145.04800186157226,161.94370939270686,128.15229433043766,0.4763844793092642,33.79141506226921,44.72505539512914,-4.828825190997776,-6.321536573381625,1.492711382383849,0.02800735797212961,-0.011715788155329254,142.55999755859375
2026-04-28,145.14999389648438,146.3800048828125,141.5,142.55999755859375,3578800,SNOW,144.49250183105468,160.94245261698336,128.042551045126,0.441261092582903,32.899901571857356,43.58698052395724,-4.7313001888563235,-6.003489296476565,1.2721891076202416,-0.011715788155329254,-0.009399525538991926,141.22000122070312
2026-04-29,141.33999633789062,142.36000061035156,138.77000427246094,141.22000122070312,4323100,SNOW,144.01250152587892,160.25484330849594,127.7701597432619,0.4140364011991054,32.484683565234036,42.66006026455567,-4.707868055285445,-5.7443650482383415,1.0364969929528964,-0.009399525538991926,-0.033635462108349334,136.47000122070312
2026-04-30,140.2100067138672,141.2550048828125,133.02000427246094,136.47000122070312,8241600,SNOW,143.18000183105468,159.17468900784522,127.18531465426413,0.2902428307541941,31.989374353581084,39.45686886285512,-5.0147760069858975,-5.598447239987853,0.5836712330019553,-0.033635462108349334,0.03319409935353357,141.0
2026-05-01,142.0,144.55999755859375,138.63999938964844,141.0,9351300,SNOW,142.63750152587892,158.14780385493452,127.12719919682333,0.44721245623912254,31.020604658111196,43.79150401681379,-4.836715086385823,-5.446100809267447,0.6093857228816244,0.03319409935353357,0.02276600506288795,144.2100067138672
2026-05-04,142.00999450683594,149.13999938964844,141.5,144.2100067138672,6190200,SNOW,142.37900161743164,157.60084361298647,127.15715962187681,0.5601440054682688,30.44368399110965,46.70342452334981,-4.386020495220976,-5.234084746458153,0.8480642512371777,0.02276600506288795,-0.01733582888571905,141.7100067138672
2026-05-05,145.5,146.89500427246094,139.4199981689453,141.7100067138672,5891600,SNOW,142.00250167846679,156.89586600359866,127.10913735333492,0.4901803595811449,29.78672865026374,44.75863273142581,-4.18235925718335,-5.023739648603192,0.8413803914198423,-0.01733582888571905,-0.013901638045087705,139.74000549316406
2026-05-06,139.50999450683594,140.6300048828125,136.1999969482422,139.74000549316406,7431200,SNOW,141.4900016784668,155.947712779497,127.03229057743657,0.43947879532680567,28.91542220206044,43.23095962765747,-4.132284489920124,-4.845448616866579,0.713164126946455,-0.013901638045087705,0.10004290237574764,153.72000122070312
2026-05-07,153.42999267578125,157.0,150.3000030517578,153.72000122070312,13709300,SNOW,142.56400146484376,157.3021696003787,127.82583332930882,0.8784730793293546,29.476336271069883,54.97532244030388,-2.9307472268769175,-4.462508338868647,1.5317611119917292,0.10004290237574764,-0.008261802383396577,152.4499969482422
2026-05-08,150.0,152.6999969482422,144.47999572753906,152.4499969482422,7280700,SNOW,144.1310012817383,155.74493244622133,132.51707011725526,0.8581472779838968,23.22786232896607,53.884720250299594,-2.0572839316761247,-3.9814634574301424,1.9241795257540177,-0.008261802383396577,-0.006231531434957804,151.5
2026-05-11,150.16000366210938,154.85000610351562,148.16000366210938,151.5,4799600,SNOW,144.99400100708007,156.0934781061879,133.89452390797226,0.7930768240173622,22.19895419821563,53.03714084495647,-1.4252849933395169,-3.4702277646120177,2.044942771272501,-0.006231531434957804,0.003168288630620797,151.97999572753906
2026-05-12,153.0,154.0,149.55999755859375,151.97999572753906,4877400,SNOW,145.8195007324219,156.4068565282821,135.23214493656167,0.7909364299217186,21.17471159172044,53.43567715885117,-0.8755963084762186,-2.951301473384858,2.0757051649086393,0.003168288630620797,0.0025661231781293203,152.3699951171875
2026-05-13,150.00999450683594,154.88999938964844,146.0500030517578,152.3699951171875,6892700,SNOW,146.2140007019043,157.1544084845144,135.2735929192942,0.7813420915200359,21.88081556522019,53.778891138778484,-0.4038391675034063,-2.4418090122085676,2.0379698447051613,0.0025661231781293203,-0.010566388803211035,150.75999450683594
2026-05-14,151.0,152.94000244140625,146.8000030517578,150.75999450683594,5835200,SNOW,146.5745002746582,157.6147230043349,135.53427754498148,0.6895566029173901,22.080445459353427,52.072544450827266,-0.15805981323643437,-1.985059172414141,1.8269993591777067,-0.010566388803211035,0.044507873165005485,157.47000122070312
2026-05-15,149.97000122070312,159.8300018310547,149.07000732421875,157.47000122070312,7739700,SNOW,147.2490005493164,159.18477923538723,135.3132218632456,0.9281664791302948,23.871557372141638,58.04702066053487,0.5715748011927246,-1.473732377692768,2.0453071788854924,0.044507873165005485,0.04299234279532649,164.24000549316406
2026-05-18,156.6999969482422,165.27999877929688,155.19000244140625,164.24000549316406,10730100,SNOW,147.9390007019043,161.9483105773365,133.92969082647207,1.081791856137269,28.018619750864445,63.0515410599213,1.676769500315686,-0.8436320020910772,2.520401502406763,0.04299234279532649,0.03233071956280931,169.5500030517578
2026-05-19,172.47500610351562,176.97999572753906,166.7100067138672,169.5500030517578,12357200,SNOW,148.87450103759767,165.7411559830996,132.00784609209575,1.1129105646900657,33.73330989100384,66.43369417475726,2.947143847603911,-0.08547683215207957,3.0326206797559907,0.03233071956280931,-0.015216760746781577,166.97000122070312
2026-05-20,166.39999389648438,169.1490020751953,163.27999877929688,166.97000122070312,5942100,SNOW,149.4445007324219,167.87566767677845,131.01333378806532,0.9754311146220552,36.862333888713124,63.39716706215135,3.703053587901138,0.672229251858564,3.030824336042574,-0.015216760746781577,-0.008564460227080573,165.5399932861328
2026-05-21,164.02999877929688,165.74000549316406,161.38600158691406,165.5399932861328,4504000,SNOW,150.4015007019043,170.04847733697164,130.75452406683695,0.885262650468272,39.29395327013469,61.71344022736575,4.1390158159984765,1.3655865646865466,2.7734292513119296,-0.008564460227080573,0.04023199185829185,172.1999969482422
2026-05-22,167.74000549316406,173.5,167.39999389648438,172.1999969482422,5968700,SNOW,151.99550018310546,173.22161474724697,130.76938561896395,0.9759348844575949,42.45222912828302,66.21393351660879,4.96469573623159,2.0854083989955554,2.879287337236035,0.04023199185829185,0.03135893873968243,177.60000610351562
2026-05-26,176.88499450683594,181.27000427246094,174.5500030517578,177.60000610351562,12371900,SNOW,153.66300048828126,177.29656349700633,130.02943747955618,1.006419738877233,47.26712601745015,69.3589447644952,5.985788190553109,2.865484357307066,3.1203038332460427,0.03135893873968243,-0.013175740519489554,175.25999450683594
2026-05-27,174.67999267578125,179.10000610351562,173.0800018310547,175.25999450683594,17731400,SNOW,155.29800033569336,180.12707800280361,130.4689226685831,0.901988234093471,49.65815533422051,66.4714072142799,6.530907699012289,3.5985690256481107,2.9323386733641783,-0.013175740519489554,0.3648294216904835,239.1999969482422
2026-05-28,237.0,244.9199981689453,229.49000549316406,239.1999969482422,39582300,SNOW,160.1970001220703,203.65678955402453,116.73721069011609,1.4089206121197193,86.91957886390844,84.93151200714817,11.984196309808851,5.275694482480259,6.708501827328592,0.3648294216904835,0.06835286919779282,255.5500030517578
2026-05-29,240.69000244140625,256.2099914550781,239.5,255.5500030517578,19892200,SNOW,166.15100021362304,224.91151218618546,107.3904882410606,1.2607064662734613,117.52102394512487,86.91536863017613,17.424417830117278,7.705439152007663,9.718978678109615,0.06835286919779282,0.09630209476212448,280.1600036621094
2026-06-01,259.9700012207031,284.989990234375,258.30999755859375,280.1600036621094,20174900,SNOW,173.1090003967285,248.82054979442293,97.39745099903408,1.2069661373793046,151.42309879538885,89.2166629870635,23.451321715741756,10.854615664754482,12.596706050987274,0.09630209476212448,-0.06788973716823332,261.1400146484375
2026-06-02,265.45001220703125,269.79998779296875,254.83999633789062,261.1400146484375,13701800,SNOW,178.95550079345702,262.492163232797,95.41883835411704,0.9919068553562255,167.07332487867995,77.82440502458923,26.38873934907778,13.961440401619141,12.42729894745864,-0.06788973716823332,-0.07605121679983584,241.27999877929688
2026-06-03,261.80999755859375,263.6400146484375,241.13999938964844,241.27999877929688,11359100,SNOW,183.93400039672852,269.83310040537805,98.03490038807901,0.8337985984532664,171.79820001729905,68.0528404763466,26.80513378621501,16.530179078538318,10.274954707676692,-0.07605121679983584,0.012019205533638333,244.17999267578125
2026-06-04,244.3000030517578,253.0050048828125,241.46499633789062,244.17999267578125,9532200,SNOW,189.15599975585937,276.3619190107998,101.95008050091893,0.8154831311339261,174.41183850988085,68.6714139140787,27.057235678435603,18.635590398517778,8.421645279917826,0.012019205533638333,-0.024244403090001754,238.25999450683594
2026-06-05,242.1999969482422,247.5500030517578,235.0,238.25999450683594,7162800,SNOW,193.38299942016602,281.49940373919765,105.26659510113436,0.7546460868068879,176.2328086380633,65.86765671368892,26.47415627363921,20.203303573542065,6.270852700097144,-0.024244403090001754,0.009191649844277228,240.4499969482422
2026-06-08,239.8000030517578,247.19000244140625,238.02000427246094,240.4499969482422,4925900,SNOW,197.78299942016602,286.07240435135435,109.4935944889777,0.7416314707372322,176.57880986237666,66.4139564232096,25.89032894300047,21.340708647433747,4.549620295566722,0.009191649844277228,-0.0032854784618810973,239.66000366210938
2026-06-09,239.0,246.0,229.60000610351562,239.66000366210938,5722300,SNOW,202.19099960327148,289.5958658890615,114.78613331748146,0.7143416359469307,174.80973257158,66.00356737879159,25.074848476591995,22.087536613265396,2.9873118633265996,-0.0032854784618810973,0.001001377913326662,239.89999389648438
2026-06-10,236.9499969482422,248.63999938964844,232.52000427246094,239.89999389648438,6160100,SNOW,206.58699951171874,292.27524875124925,120.89875027218821,0.6943848466995949,171.37649847906104,66.07215528262043,24.169330540391996,22.503895398690716,1.6654351417012805,0.001001377913326662,0.0020425406654054346,240.38999938964844
2026-06-11,237.77000427246094,243.8300018310547,232.89199829101562,240.38999938964844,7804000,SNOW,210.9879997253418,294.0881362671117,127.88786318357192,0.6769070478574236,166.20027308353974,66.22199956704996,23.223533956893533,22.64782311033128,0.5757108465622522,0.0020425406654054346,-0.03165689350502687,232.77999877929688
2026-06-12,240.4949951171875,242.8000030517578,230.44000244140625,232.77999877929688,7707300,SNOW,215.08899993896483,293.87894602528786,136.2990538526418,0.6122668545866855,157.57989217264605,61.66683573976066,21.61080400424538,22.4404192891141,-0.8296152848687193,-0.03165689350502687,0.03436721385837349,240.77999877929688
2026-06-15,236.3000030517578,244.6300048828125,230.02000427246094,240.77999877929688,5917500,SNOW,219.25449981689454,294.130836058576,144.37816357521308,0.6437403326794969,149.75267248336291,64.4363169371405,20.73916881052682,22.100169193396646,-1.3610003828698254,0.03436721385837349,-0.010216759978194823,238.32000732421875
2026-06-16,240.0,246.77000427246094,234.35400390625,238.32000732421875,5665800,SNOW,222.95849990844727,293.803168447637,152.11383136925753,0.6084168204363454,141.68933707837948,62.930699604732844,19.623681305521416,21.6048716158216,-1.9811903103001853,-0.010216759978194823,-0.015944960284379972,234.52000427246094
2026-06-17,236.22999572753906,241.3000030517578,230.6199951171875,234.52000427246094,6155500,SNOW,226.2069999694824,292.7877495835795,159.6262503553853,0.5624279867015677,133.1614992281942,60.57608345987431,18.222958016211464,20.928488895899577,-2.705530879688112,-0.015944960284379972,-0.009508830571814841,232.2899932861328
2026-06-18,232.75,233.75799560546875,219.69000244140625,232.2899932861328,7758800,SNOW,229.4729995727539,290.26712233907335,168.67887680643446,0.5231683062868336,121.5882455326389,59.176765142000775,16.739963588170752,20.090783834353815,-3.350820246183062,-0.009508830571814841,-0.02453828022294946,226.58999633789062
2026-06-22,232.64500427246094,241.67999267578125,225.19000244140625,226.58999633789062,6014100,SNOW,232.5254997253418,285.8437031568298,179.2072962938538,0.444338865476984,106.636406862976,55.6388625188294,14.93260393969598,19.059147855422246,-4.126543915726266,-0.02453828022294946,0.016858675960797376,230.41000366210938
2026-06-23,226.4550018310547,233.47999572753906,221.24000549316406,230.41000366210938,4511000,SNOW,235.43600006103514,281.06503222260955,189.80696789946072,0.4449254546849856,91.25806432314883,57.47381707437126,13.651139227413296,17.977546129820457,-4.326406902407161,0.016858675960797376,-0.019356827581182956,225.9499969482422
2026-06-24,228.6300048828125,234.3300018310547,224.25999450683594,225.9499969482422,4320100,SNOW,237.85349960327147,275.3718653919819,200.33513381456106,0.341364323781246,75.03673157742082,54.632437729265334,12.135790108394275,16.809194925535223,-4.673404817140948,-0.019356827581182956,0.00491259404887634,227.05999755859375
2026-06-25,223.0,232.0399932861328,217.47999572753906,227.05999755859375,5414800,SNOW,240.44349975585936,265.35345618938294,215.5335433223358,0.23136239252401447,49.81991286704715,55.225718391157265,10.898798224992674,15.627115585426715,-4.7283173604340405,0.00491259404887634,0.09645031881770394,248.9600067138672
2026-06-26,225.27000427246094,250.0,222.4499969482422,248.9600067138672,25607000,SNOW,240.93150024414064,266.1058973555004,215.75710313278086,0.6594577704127766,50.34879422271956,64.96141567507695,11.552451488560308,14.812182766053436,-3.2597312774931275,0.09645031881770394,0.010804896811032139,251.64999389648438
2026-06-29,250.9600067138672,254.85000610351562,247.08999633789062,251.64999389648438,8381900,SNOW,240.73649978637695,265.5121988799269,215.96080069282698,0.7202459367321871,49.55139818709995,65.94104187458036,12.147506994657562,14.279247611774261,-2.1317406171166997,0.010804896811032139,0.011325277856704341,254.5
2026-06-30,249.8000030517578,255.0,246.00999450683594,254.5,4689000,SNOW,239.4534996032715,257.7372400234602,221.1697591830828,0.9114721619027786,36.567480840377385,66.99394337328408,12.702636359605037,13.963925361340417,-1.2612890017353795,0.011325277856704341,0.026286846528118968,261.19000244140625
2026-07-01,258.55999755859375,263.0799865722656,254.61000061035156,261.19000244140625,5099000,SNOW,239.45599899291992,257.75160674261366,221.16039124322617,1.0939677912271089,36.59121549938749,69.38635853673658,13.526482793455472,13.876436847763427,-0.3499540543079558,0.026286846528118968,-0.0039818083969549445,260.1499938964844
2026-07-02,256.57501220703125,264.9599914550781,254.16000366210938,260.1499938964844,8093200,SNOW,240.3994987487793,260.79928761393757,219.99970988362102,0.9840857735894966,40.79957773031654,68.55445323506363,13.934834927008865,13.888116463612516,0.04671846339634911,-0.0039818083969549445,0.007457245769447063,262.0899963378906
2026-07-06,254.1999969482422,266.0,253.0500030517578,262.0899963378906,3900600,SNOW,241.29499893188478,263.74896993252287,218.84102793124669,0.9630583473501169,44.90794200127618,69.29401239205147,14.250725426662797,13.960638256222573,0.2900871704402235,0.007457245769447063,0.00248004084690967,262.739990234375
2026-07-07,266.3500061035156,270.9540100097656,262.3699951171875,262.739990234375,5538400,SNOW,242.5189987182617,266.7743773343554,218.263620102168,0.9168352066600285,48.51075723218739,69.55239223504151,14.387667918969754,14.046044188772012,0.3416237301977425,0.00248004084690967,-0.005442615242946647,261.30999755859375
2026-07-08,258.5799865722656,263.9700012207031,254.88499450683594,261.30999755859375,4709000,SNOW,243.5619987487793,269.130263636605,217.99373386095363,0.8470708491107888,51.136529775651354,68.19287788353871,14.21692352804854,14.080220056627319,0.13670347142122097,-0.005442615242946647,0.023650042989248776,267.489990234375
2026-07-09,255.80999755859375,267.91400146484375,253.0,267.489990234375,3702700,SNOW,244.95349807739257,272.4754117104153,217.43158444436983,0.9094281461944121,55.04382726604547,70.8451683999733,14.414124078778855,14.147000861057627,0.2671232177212275,0.023650042989248776,-0.02258020205560407,261.45001220703125
2026-07-10,271.989990234375,274.92999267578125,258.3399963378906,261.45001220703125,4144600,SNOW,246.03099899291993,274.3529182766884,217.70907970915147,0.7722098926210147,56.64383856753693,65.12902186313985,13.922540803480018,14.102108849542105,-0.1795680460620872,-0.02258020205560407,0.02753865501353192,268.6499938964844
2026-07-13,265.0,274.0,261.5899963378906,268.6499938964844,4195400,SNOW,247.44399871826172,277.27861702997643,217.609380406547,0.8553924329894312,59.66923662342944,68.40193392224353,13.953093291752339,14.072305737984152,-0.11921244623181337,0.02753865501353192,0.02713571081535493,275.94000244140625
2026-07-14,263.2900085449219,278.79998779296875,261.0,275.94000244140625,5385300,SNOW,249.60199890136718,281.0801573201894,218.12384048254492,0.9183536277695707,62.95631683764449,71.33550019086653,14.399559959460873,14.137756582279497,0.26180337718137636,0.02713571081535493,-0.014749609655029916,271.8699951171875
2026-07-15,277.8999938964844,279.19000244140625,266.4700012207031,271.8699951171875,3791000,SNOW,251.15649871826173,283.7880137394857,218.52498369703775,0.8173848407812732,65.26303004244792,67.5640949464796,14.260585283403515,14.1623223225043,0.09826296089921449,-0.014749609655029916,-0.00680474541781706,270.0199890136719
2026-07-16,272.4599914550781,275.2900085449219,262.81500244140625,270.0199890136719,3345600,SNOW,252.7414978027344,285.80171611950277,219.68127948596603,0.7613184680963481,66.12043663353674,65.85966306825702,13.841609363324238,14.098179730668289,-0.25657036734405025,-0.00680474541781706,-0.0041478229862855764,268.8999938964844
2026-07-17,262.6099853515625,274.25,259.4800109863281,268.8999938964844,5456800,SNOW,254.46049728393555,287.12505042942485,221.79594413844626,0.7210270036181836,65.32910629097859,64.79398500212521,13.266268398206421,13.931797464175917,-0.6655290659694959,-0.0041478229862855764,0.020230578523182885,274.3399963378906
2026-07-20,267.1199951171875,277.2200012207031,267.1199951171875,274.3399963378906,3795700,SNOW,256.56299743652346,288.6569789852794,224.4690158877675,0.7769522203775344,64.1879630975119,67.54128154810341,13.098280447662688,13.76509406087327,-0.6668136132105822,0.020230578523182885,-0.009513688803683973,271.7300109863281
2026-07-21,271.6700134277344,279.489990234375,268.9100036621094,271.7300109863281,3166800,SNOW,258.8199981689453,288.4169396234189,229.2230567144717,0.7180970766395097,59.19388290894719,64.92361094562078,12.60919384357743,13.533914017414103,-0.9247201738366737,-0.009513688803683973,-0.014462970722645352,267.79998779296875
2026-07-22,269.95001220703125,271.0,260.3399963378906,267.79998779296875,3052100,SNOW,260.68949737548826,287.4607752583294,233.9182194926471,0.6328007286129196,53.54255576568232,61.08460158206064,11.768805692831535,13.18089235249759,-1.4120866596660555,-0.014462970722645352,-0.009970063599182732,265.1300048828125
2026-07-23,273.8500061035156,277.5150146484375,260.6000061035156,265.1300048828125,3114300,SNOW,262.6484977722168,284.1874771505523,241.10951839388127,0.5576050300946869,43.07795875667102,58.551500135837415,10.763274394510091,12.69736876090009,-1.9340943663899992,-0.009970063599182732,0.011051154610268732,268.05999755859375
2026-07-24,268.8999938964844,270.7900085449219,264.0,268.05999755859375,3454600,SNOW,264.6984977722168,278.8288278871484,250.5681676572852,0.618946258121204,28.26066022986322,60.487894230521455,10.086538184554058,12.175202645630886,-2.088664461076828,0.011051154610268732,0.01813032870776743,272.9200134277344
2026-07-27,275.0,278.42999267578125,265.5199890136719,272.9200134277344,5224100,SNOW,265.89649810791013,278.4624860800391,253.33051013578114,0.779465304892946,25.131975944257988,63.53130770564766,9.829079021761515,11.705977920857013,-1.8768988990954973,0.01813032870776743,-0.009380140518165936,270.3599853515625
2026-07-28,273.0199890136719,277.2099914550781,253.58999633789062,270.3599853515625,5145100,SNOW,266.8319976806641,277.6853558309701,255.97863953035807,0.6625297729071511,21.706716300612015,60.87158055664897,9.311134942024182,11.227009325090448,-1.9158743830662655,-0.009380140518165936,0.04638263509526186,282.8999938964844
2026-07-29,276.8999938964844,293.55999755859375,276.8999938964844,282.8999938964844,8782300,SNOW,268.25199737548826,279.6953471352724,256.8086476157041,1.1400222324967373,22.88669951956831,67.94971723399718,9.799571060434289,10.941521672159217,-1.141950611724928,0.04638263509526186,0.05372927725333598,298.1000061035156
2026-07-30,285.0,298.2300109863281,283.0,298.1000061035156,6453500,SNOW,270.0974975585938,286.9952234569879,253.19977166019964,1.3285880808252153,33.79545179678826,74.07214894839237,11.2831094938187,11.009839236491114,0.27327025732758514,0.05372927725333598,-0.016169095020229562,293.2799987792969
2026-07-31,299.5,304.1700134277344,292.6300048828125,293.2799987792969,7383100,SNOW,271.7539978027344,290.7869238796662,252.72107172580257,1.0654937367368946,38.0658521538636,69.53597129587851,11.932341477087391,11.19433968461037,0.7380017924770215,-0.016169095020229562,0.04858837990763765,307.5299987792969
2026-08-03,296.44000244140625,315.4200134277344,292.95001220703125,307.5299987792969,7988000,SNOW,274.0259979248047,298.08655072692665,249.96544512268275,1.1962433725034238,48.121105604243894,74.50663253288837,13.441770051134483,11.643825757915193,1.79794429321929,0.04858837990763765,0.0300458175496765,316.7699890136719
2026-08-04,305.0,321.30999755859375,301.9010009765625,316.7699890136719,5632100,SNOW,276.72749786376954,306.55454522662683,246.90045050091226,1.1712446368353246,59.65409472571457,77.11419302281493,15.208281459171303,12.356716898166416,2.8515645610048868,0.0300458175496765,0.00022100365137722733,316.8399963378906
2026-08-05,317.489990234375,323.1000061035156,315.0199890136719,316.8399963378906,4590900,SNOW,279.5039978027344,313.16524540850645,245.8427501969623,1.0545842948606878,67.32249521154415,77.13327695073164,16.424571249631583,13.17028776845945,3.2542834811721324,0.00022100365137722733,0.00366116549525608,318.0
2026-08-06,304.3900146484375,321.82000732421875,304.3900146484375,318.0,5968400,SNOW,282.0294982910156,319.1116792001223,244.94731738190893,0.9850106011449654,74.16436181821337,77.46854437023889,17.28286614968033,13.992803444703629,3.2900627049767017,0.00366116549525608,0.03927669885023577,330.489990234375
2026-08-07,325.0,331.3999938964844,322.1300048828125,330.489990234375,6217400,SNOW,285.4814971923828,326.8626977754718,244.10029660929374,1.0438277817921204,82.76240116617808,80.74251262231235,18.75471617668086,14.945185991099075,3.8095301855817834,0.03927669885023577,0.012738727637925162,334.70001220703125
2026-08-10,328.45001220703125,340.5,328.0,334.70001220703125,4668700,SNOW,288.7839981079102,334.57275498030276,242.9952412355176,1.0013896121605042,91.57751374478516,81.70738095056078,20.029988279110455,15.962146448701354,4.067841830409101,0.012738727637925162,-0.0016731327701516863,334.1400146484375
2026-08-11,331.1400146484375,338.0400085449219,328.0,334.1400146484375,3662000,SNOW,291.6939987182617,341.1022757987143,242.28572163780913,0.9295435748656041,98.81655416090516,81.125129889362,20.75619894409931,16.920956947780947,3.835241996318363,-0.0016731327701516863,-0.005626398516773046,332.260009765625
2026-08-12,329.0400085449219,341.95001220703125,329.0400085449219,332.260009765625,4286000,SNOW,294.71349945068357,346.2424265894303,243.18457231193685,0.8643245881468068,103.05785427749345,79.08754998920958,20.938657634631397,17.724497085151036,3.2141605494803613,-0.005626398516773046,0.015409603824423801,337.3800048828125
2026-08-13,337.0,339.75,330.79998779296875,337.3800048828125,3022500,SNOW,298.0815002441406,351.48551563913475,244.67748484914648,0.8679358597664134,106.80803078998827,80.52234902135795,21.251425078047532,18.429882683730334,2.8215423943171984,0.015409603824423801,-0.025075556739103888,328.9200134277344
2026-08-14,339.0,339.75,326.3299865722656,328.9200134277344,2583100,SNOW,301.08250122070314,354.33525278712204,247.82974965428423,0.7613715853941482,106.50550313283782,71.76120278417093,20.579418200227167,18.8597897870297,1.7196284131974657,-0.025075556739103888,0.0036178155030068826,330.1099853515625
2026-08-17,327.7699890136719,334.45001220703125,324.5060119628906,330.1099853515625,3097400,SNOW,303.8710006713867,357.07099396237203,250.67100738040136,0.7466070299732722,106.39998658197067,72.21907331827171,19.913320336026857,19.070495896829133,0.8428244391977238,0.0036178155030068826,-0.014480018755586133,325.3299865722656
2026-08-18,327.1400146484375,334.0,321.5,325.3299865722656,4001700,SNOW,306.5509994506836,358.3872674869202,254.71473141444696,0.6811375300827445,103.67253607247326,67.4855650113507,18.78320592058668,19.013037901580645,-0.22983198099396418,-0.014480018755586133,-0.0009835453842172992,325.010009765625
2026-08-19,325.1499938964844,326.0,316.32000732421875,325.010009765625,3885000,SNOW,309.41150054931643,358.6262102329629,260.19679086567,0.6584740549784427,98.4294193672929,67.16819178516292,17.65820979946318,18.742072281157153,-1.0838624816939735,-0.0009835453842172992,-0.01144580507962123,321.2900085449219
2026-08-20,322.7200012207031,325.0,317.1199951171875,321.2900085449219,3175500,SNOW,312.21950073242186,357.2372506526492,267.2017508121945,0.6007436825315925,90.03549984045469,63.433235460281686,16.278817187820778,18.24942126248988,-1.970604074669101,-0.01144580507962123,0.035762052752314366,332.7799987792969
2026-08-21,321.6600036621094,333.2749938964844,314.20001220703125,332.7799987792969,3437100,SNOW,315.455500793457,356.4340987950394,274.47690279187464,0.7113847084906476,81.95719600316477,69.14098814062764,15.929163312064475,17.785369672404798,-1.8562063603403232,0.035762052752314366,-0.030049882915686,322.7799987792969
2026-08-24,332.1499938964844,332.1499938964844,321.82000732421875,322.7799987792969,3722500,SNOW,317.94850006103513,354.0492123787127,281.84778774335757,0.566916944404666,72.20142463535512,60.31667292988192,14.675968243457021,17.163489386615243,-2.4875211431582223,-0.030049882915686,-0.017845002129650123,317.0199890136719
2026-08-25,322.1400146484375,325.8500061035156,308.6199951171875,317.0199890136719,4442100,SNOW,320.2815002441406,349.0691529884772,291.493847499804,0.4433522548810381,57.575305488673166,55.89179408105184,13.067384795370458,16.344268468366288,-3.2768836729958295,-0.017845002129650123,-0.005204699872768059,315.3699951171875
2026-08-26,309.44000244140625,317.5,307.2699890136719,315.3699951171875,3078400,SNOW,321.9050003051758,345.21883984082996,298.59116076952165,0.35984708400359716,46.62767907130831,54.65488774392386,11.526559107316757,15.380726596156382,-3.854167488839625,-0.005204699872768059,0.04356784236645406,329.1099853515625
2026-08-27,322.5,333.5,320.0,329.1099853515625,4067800,SNOW,323.45549926757815,344.21521356908295,302.69578496607335,0.636188918639754,41.5194286030096,62.16391565904,11.284070292269632,14.561395335379032,-3.2773250431094,0.04356784236645406,-0.003372688161912718,328.0
2026-08-28,330.3699951171875,334.79998779296875,325.3999938964844,328.0,3084000,SNOW,325.1914993286133,340.713396263917,309.6696023933096,0.5904689898113844,31.043793870607374,61.28104936297244,10.876946944261704,13.824505657155568,-2.947558712893864,-0.003372688161912718,0.010457294743235535,331.42999267578125
2026-08-31,326.5,332.6499938964844,323.0400085449219,331.42999267578125,4391800,SNOW,326.3864990234375,339.8258154831947,312.94718256368037,0.6876395152776565,26.878632919514303,63.02842069538549,10.707639498229298,13.201132425370314,-2.4934929271410162,0.010457294743235535,-0.03509038149781896,319.79998779296875
2026-09-01,325.875,328.760009765625,317.82000732421875,319.79998779296875,4000800,SNOW,326.53799896240236,339.60338801377424,313.4726099110305,0.24214272751693888,26.13077810274376,54.11136454463894,9.525217155293205,12.465949371354892,-2.9407322160616864,-0.03509038149781896,-0.043652257623335244,305.8399963378906
2026-09-02,310.5400085449219,319.25,303.8900146484375,305.8399963378906,11649500,SNOW,325.98799896240234,341.3621852046579,310.61381272014677,-0.15525427840647024,30.74837248451115,45.74529537117453,7.376650848538816,11.448089666791677,-4.071438818252862,-0.043652257623335244,0.16554409328097397,356.4700012207031
2026-09-03,377.2449951171875,384.55999755859375,355.4700012207031,356.4700012207031,21835900,SNOW,327.9114990234375,347.77692274211745,308.04607530475755,1.2187992212421666,39.7308474373599,66.17254190088053,9.64809756924285,11.088091247281913,-1.4399936780390625,0.16554409328097397,-0.05411397446872046,337.17999267578125
2026-09-04,353.6300048828125,356.8299865722656,337.1099853515625,337.17999267578125,8451600,SNOW,328.2459991455078,348.49541320438277,307.9965850866329,0.7205988159533392,40.498828117749895,57.31788535546701,9.778967138071437,10.826266425439817,-1.0472992873683804,-0.05411397446872046,-0.004982480313998505,335.5
2026-09-08,333.5899963378906,341.13800048828125,331.7699890136719,335.5,5283000,SNOW,328.28599853515624,348.58933862201894,307.98265844829353,0.6776555343598758,40.60668017372541,56.607445832213834,9.636042545347038,10.58822164942126,-0.9521791040742222,-0.004982480313998505,-0.011982083498276785,331.4800109863281
2026-09-09,335.7200012207031,339.5899963378906,331.0,331.4800109863281,4320500,SNOW,328.15299835205076,348.3356965033069,307.9703002007946,0.5824223948984317,40.365396302512295,54.855349023657105,9.093569253143528,10.289291170165715,-1.1957219170221869,-0.011982083498276785,-0.005309550221107018,329.7200012207031
2026-09-10,329.70001220703125,341.45001220703125,325.010009765625,329.7200012207031,3433300,SNOW,328.0259979248047,348.1355573252108,307.9164385243986,0.5421193538398513,40.219118800812225,54.06633205909591,8.424524507257445,9.916337837584061,-1.4918133303266163,-0.005309550221107018,-0.002214033069348087,328.989990234375
2026-09-11,329.8599853515625,333.4800109863281,323.4200134277344,328.989990234375,4487100,SNOW,327.6064971923828,347.26296744573557,307.95002693903,0.5351917975140076,39.31294050670556,53.72117886670308,7.746103678867371,9.482291005840723,-1.7361873269733525,-0.002214033069348087,0.01021312492439952,332.3500061035156
2026-09-14,329.0,336.4849853515625,319.0,332.3500061035156,4775900,SNOW,327.7779968261719,347.5369007608864,308.0190928914574,0.6156949113283342,39.51780786942902,55.14067539175012,7.394338156967706,9.06470043606612,-1.6703622790984145,0.01021312492439952,-0.028193154641522944,322.9800109863281
2026-09-15,324.8900146484375,328.6600036621094,318.5,322.9800109863281,3978200,SNOW,327.42149810791017,347.2563769551365,307.58661926068385,0.38803846104149176,39.66975769445264,50.4897636004592,6.287008429242576,8.509162034701411,-2.2221536054588356,-0.028193154641522944,0.024893113362622676,331.0199890136719
2026-09-16,318.1400146484375,338.0,317.45001220703125,331.0199890136719,3757600,SNOW,327.7059982299805,347.5759152118236,307.83608124813736,0.583392164816785,39.73983396368624,54.069624854106806,5.989161352103622,8.005161898181854,-2.0160005460782315,0.024893113362622676,0.02226459391991953,338.3900146484375
2026-09-17,334.0,344.6600036621094,328.77398681640625,338.3900146484375,4288200,SNOW,328.37499847412107,348.7317989635074,308.01819798473474,0.7459869904295147,40.71360097877266,57.12966347292047,6.275475101823872,7.659224538910258,-1.3837494370863856,0.02226459391991953,-0.017612877787922532,332.42999267578125
2026-09-18,338.6099853515625,340.30999755859375,330.1400146484375,332.42999267578125,4313300,SNOW,328.93199768066404,349.09154908529723,308.77244627603085,0.5867577587642471,40.31910280926638,53.99668399109873,5.952836257184003,7.317946882565008,-1.3651106253810044,-0.017612877787922532,0.02093680511988083,339.3900146484375
2026-09-21,335.6300048828125,339.5299987792969,329.1300048828125,339.3900146484375,3690300,SNOW,329.2624984741211,349.8751933737886,308.64980357445364,0.7456621083175243,41.22538979933495,56.96471223472819,6.1874333737927145,7.09184418081055,-0.9044108070178352,0.02093680511988083,-0.008250149355299441,336.5899963378906
2026-09-22,345.70001220703125,346.7909851074219,333.67999267578125,336.5899963378906,4958400,SNOW,329.95299835205077,350.5760416587774,309.32995504532414,0.6609121866042695,41.24608661345326,55.415728412227,6.077359188256935,6.888947182299828,-0.8115879940428927,-0.008250149355299441,-0.005288329417580173,334.80999755859375
2026-09-23,338.1499938964844,348.6099853515625,333.1600036621094,334.80999755859375,4037300,SNOW,330.8424987792969,350.6770800287206,311.00791752987317,0.6000146846914691,39.66916249884741,54.402967158803584,5.779866870320518,6.667131119903966,-0.8872642495834482,-0.005288329417580173,-0.002419275303904289,334.0
2026-09-24,332.8500061035156,337.6449890136719,328.2099914550781,334.0,2793500,SNOW,331.7739990234375,350.3226952417059,313.2253028051691,0.5600042437044747,37.09739243653678,53.92004959267872,5.416306224866219,6.416966140896417,-1.000659916030198,-0.002419275303904289,0.0058083905431325356,335.94000244140625
2026-09-25,333.94000244140625,347.2200012207031,332.7900085449219,335.94000244140625,3025900,SNOW,332.11549987792966,350.7068786108275,313.5241211450318,0.6028568837853064,37.1827574657957,54.95146668010687,5.224499005379016,6.178472713792937,-0.9539737084139208,0.0058083905431325356,-0.02327798793649971,328.1199951171875
2026-09-28,320.010009765625,333.7200012207031,316.6300048828125,328.1199951171875,4523500,SNOW,332.1214996337891,350.7076386360493,313.5353606315289,0.3923524537260005,37.17227800452042,50.08494066459221,4.390865995525417,5.820951370139433,-1.4300853746140163,-0.02327798793649971,0.006674394959149232,330.30999755859375
2026-09-29,331.17999267578125,333.4100036621094,324.1700134277344,330.30999755859375,5712000,SNOW,332.0654998779297,350.66637863942395,313.46462111643547,0.4528113068784139,37.20175752298849,51.38345274838988,3.862397410532651,5.429240578218077,-1.566843167685426,0.006674394959149232,0.028003996452935498,339.55999755859375
2026-09-30,331.0,348.2799987792969,330.54998779296875,339.55999755859375,5705400,SNOW,333.0535003662109,351.0321836493733,315.0748170830486,0.6809503257248093,35.95736656632471,56.52756236019095,4.142230884848516,5.171838639544165,-1.0296077546956495,0.028003996452935498,0.007156298425175844,341.989990234375
